area,type,count
臺北市中正區,潛在可供農業使用,5
臺北市中正區,道路或道路設施,10
臺北市中正區,林業使用,6
臺北市中正區,其他建築使用,6
臺北市中正區,公共及公用設施,1
臺北市文山區,農糧作物,1920
臺北市文山區,其他建築使用,842
臺北市文山區,林業使用,3694
臺北市文山區,潛在可供農業使用,272
臺北市文山區,公共及公用設施,84
臺北市文山區,道路或道路設施,794
臺北市文山區,工廠,31
臺北市文山區,河川及水利設施,41
臺北市文山區,畜牧使用,10
臺北市文山區,休閒農場,28
臺北市文山區,農水路使用,3
臺北市中山區,其他建築使用,150
臺北市中山區,工廠,8
臺北市中山區,農糧作物,4
臺北市中山區,林業使用,39
臺北市中山區,道路或道路設施,42
臺北市中山區,潛在可供農業使用,6
臺北市中山區,公共及公用設施,16
臺北市中山區,河川及水利設施,5
臺北市內湖區,林業使用,3090
臺北市內湖區,農糧作物,733
臺北市內湖區,其他建築使用,656
臺北市內湖區,潛在可供農業使用,293
臺北市內湖區,工廠,55
臺北市內湖區,河川及水利設施,46
臺北市內湖區,道路或道路設施,347
臺北市內湖區,公共及公用設施,87
臺北市內湖區,農水路使用,10
臺北市內湖區,休閒農場,6
臺北市內湖區,畜牧使用,1
臺北市松山區,道路或道路設施,68
臺北市松山區,其他建築使用,262
臺北市松山區,林業使用,1006
臺北市松山區,潛在可供農業使用,99
臺北市松山區,農糧作物,65
臺北市松山區,河川及水利設施,15
臺北市松山區,公共及公用設施,32
臺北市松山區,工廠,6
臺北市松山區,養殖魚塭,2
臺北市南港區,林業使用,3678
臺北市南港區,道路或道路設施,586
臺北市南港區,其他建築使用,536
臺北市南港區,潛在可供農業使用,298
臺北市南港區,農糧作物,674
臺北市南港區,公共及公用設施,104
臺北市南港區,河川及水利設施,72
臺北市南港區,畜牧使用,6
臺北市南港區,工廠,77
臺北市南港區,休閒農場,2
臺北市南港區,農水路使用,4
臺北市信義區,林業使用,232
臺北市信義區,農糧作物,21
臺北市信義區,其他建築使用,305
臺北市信義區,潛在可供農業使用,45
臺北市信義區,道路或道路設施,79
臺北市信義區,工廠,12
臺北市信義區,公共及公用設施,2
臺北市信義區,河川及水利設施,1
臺北市士林區,道路或道路設施,1254
臺北市士林區,潛在可供農業使用,535
臺北市士林區,林業使用,5386
臺北市士林區,其他建築使用,3196
臺北市士林區,農糧作物,3026
臺北市士林區,公共及公用設施,324
臺北市士林區,河川及水利設施,107
臺北市士林區,工廠,113
臺北市士林區,農舍,2
臺北市士林區,農水路使用,57
臺北市士林區,休閒農場,9
臺北市北投區,農糧作物,2345
臺北市北投區,林業使用,1937
臺北市北投區,其他建築使用,1945
臺北市北投區,道路或道路設施,487
臺北市北投區,工廠,112
臺北市北投區,公共及公用設施,94
臺北市北投區,潛在可供農業使用,501
臺北市北投區,畜牧使用,6
臺北市北投區,河川及水利設施,129
臺北市北投區,農舍,3
臺北市北投區,休閒農場,5
臺北市大安區,林業使用,93
臺北市大安區,農糧作物,9
臺北市大安區,潛在可供農業使用,34
臺北市大安區,其他建築使用,159
臺北市大安區,道路或道路設施,47
臺北市大安區,公共及公用設施,20
臺北市大安區,工廠,3
臺北市大安區,畜牧使用,6
臺中市南區,農糧作物,7
臺中市東區,農糧作物,2
臺中市北區,農糧作物,1
臺中市北屯區,林業使用,1849
臺中市北屯區,農舍,92
臺中市北屯區,其他建築使用,2677
臺中市北屯區,工廠,344
臺中市北屯區,道路或道路設施,380
臺中市北屯區,潛在可供農業使用,233
臺中市北屯區,農糧作物,1778
臺中市北屯區,公共及公用設施,46
臺中市北屯區,河川及水利設施,86
臺中市北屯區,畜牧使用,10
臺中市北屯區,休閒農場,3
臺中市北屯區,農水路使用,3
臺中市南屯區,工廠,543
臺中市南屯區,道路或道路設施,435
臺中市南屯區,農糧作物,1671
臺中市南屯區,潛在可供農業使用,325
臺中市南屯區,河川及水利設施,207
臺中市南屯區,農舍,210
臺中市南屯區,其他建築使用,2676
臺中市南屯區,林業使用,368
臺中市南屯區,公共及公用設施,137
臺中市南屯區,畜牧使用,9
臺中市西屯區,其他建築使用,5990
臺中市西屯區,農舍,340
臺中市西屯區,道路或道路設施,899
臺中市西屯區,工廠,1226
臺中市西屯區,潛在可供農業使用,687
臺中市西屯區,河川及水利設施,221
臺中市西屯區,農糧作物,2414
臺中市西屯區,林業使用,232
臺中市西屯區,公共及公用設施,124
臺中市西屯區,畜牧使用,27
臺中市西屯區,農水路使用,1
基隆市中正區,林業使用,478
基隆市中正區,其他建築使用,156
基隆市中正區,道路或道路設施,40
基隆市中正區,工廠,23
基隆市中正區,公共及公用設施,3
基隆市中正區,潛在可供農業使用,40
基隆市中正區,農糧作物,38
基隆市中正區,河川及水利設施,1
基隆市仁愛區,其他建築使用,267
基隆市仁愛區,林業使用,180
基隆市仁愛區,道路或道路設施,12
基隆市仁愛區,公共及公用設施,20
基隆市仁愛區,潛在可供農業使用,6
基隆市仁愛區,工廠,1
基隆市仁愛區,農糧作物,3
基隆市信義區,林業使用,1115
基隆市信義區,潛在可供農業使用,135
基隆市信義區,其他建築使用,387
基隆市信義區,工廠,21
基隆市信義區,農糧作物,52
基隆市信義區,道路或道路設施,88
基隆市信義區,農水路使用,7
基隆市信義區,公共及公用設施,42
基隆市信義區,河川及水利設施,55
基隆市七堵區,道路或道路設施,646
基隆市七堵區,林業使用,8697
基隆市七堵區,工廠,290
基隆市七堵區,公共及公用設施,197
基隆市七堵區,潛在可供農業使用,326
基隆市七堵區,其他建築使用,1450
基隆市七堵區,農水路使用,19
基隆市七堵區,農糧作物,1410
基隆市七堵區,河川及水利設施,277
基隆市七堵區,畜牧使用,7
基隆市七堵區,農舍,5
基隆市七堵區,休閒農場,53
基隆市暖暖區,其他建築使用,570
基隆市暖暖區,林業使用,1612
基隆市暖暖區,道路或道路設施,109
基隆市暖暖區,河川及水利設施,82
基隆市暖暖區,潛在可供農業使用,185
基隆市暖暖區,農糧作物,121
基隆市暖暖區,工廠,51
基隆市暖暖區,農水路使用,21
基隆市暖暖區,公共及公用設施,29
基隆市暖暖區,休閒農場,3
基隆市中山區,林業使用,261
基隆市中山區,其他建築使用,181
基隆市中山區,工廠,16
基隆市中山區,潛在可供農業使用,22
基隆市中山區,農糧作物,67
基隆市中山區,道路或道路設施,30
基隆市中山區,公共及公用設施,28
基隆市中山區,河川及水利設施,10
基隆市安樂區,林業使用,1347
基隆市安樂區,其他建築使用,707
基隆市安樂區,工廠,123
基隆市安樂區,農糧作物,282
基隆市安樂區,潛在可供農業使用,181
基隆市安樂區,道路或道路設施,246
基隆市安樂區,河川及水利設施,77
基隆市安樂區,公共及公用設施,59
基隆市安樂區,農水路使用,6
臺南市北區,養殖魚塭,61
臺南市北區,其他建築使用,21
臺南市北區,工廠,6
臺南市北區,公共及公用設施,1
臺南市北區,道路或道路設施,4
臺南市中西區,農糧作物,2
臺南市中西區,養殖魚塭,86
臺南市安平區,養殖魚塭,193
臺南市安平區,公共及公用設施,7
臺南市安平區,潛在可供農業使用,68
臺南市安平區,道路或道路設施,24
臺南市安平區,其他建築使用,19
臺南市安平區,林業使用,12
臺南市安平區,河川及水利設施,5
臺南市安南區,農糧作物,15319
臺南市安南區,潛在可供農業使用,4548
臺南市安南區,河川及水利設施,1399
臺南市安南區,道路或道路設施,2540
臺南市安南區,其他建築使用,2568
臺南市安南區,工廠,1688
臺南市安南區,林業使用,160
臺南市安南區,公共及公用設施,159
臺南市安南區,農舍,176
臺南市安南區,養殖魚塭,6287
臺南市安南區,畜牧使用,172
臺南市安南區,農水路使用,2
臺南市東區,其他建築使用,56
臺南市東區,道路或道路設施,15
臺南市東區,潛在可供農業使用,21
臺南市東區,農糧作物,54
臺南市東區,工廠,2
臺南市東區,林業使用,2
臺南市南區,農糧作物,2004
臺南市南區,道路或道路設施,440
臺南市南區,其他建築使用,1389
臺南市南區,工廠,513
臺南市南區,潛在可供農業使用,1585
臺南市南區,河川及水利設施,30
臺南市南區,養殖魚塭,327
臺南市南區,林業使用,137
臺南市南區,公共及公用設施,59
臺南市南區,農舍,3
臺南市南區,畜牧使用,4
高雄市鼓山區,道路或道路設施,37
高雄市鼓山區,其他建築使用,216
高雄市鼓山區,潛在可供農業使用,50
高雄市鼓山區,林業使用,35
高雄市鼓山區,公共及公用設施,2
高雄市鼓山區,農糧作物,14
高雄市鼓山區,工廠,52
高雄市鼓山區,農舍,2
高雄市鼓山區,河川及水利設施,2
高雄市前鎮區,農糧作物,7
高雄市前鎮區,其他建築使用,3
高雄市前鎮區,潛在可供農業使用,2
高雄市前鎮區,道路或道路設施,1
高雄市小港區,農糧作物,905
高雄市小港區,工廠,342
高雄市小港區,其他建築使用,659
高雄市小港區,潛在可供農業使用,235
高雄市小港區,道路或道路設施,195
高雄市小港區,河川及水利設施,51
高雄市小港區,林業使用,389
高雄市小港區,農舍,15
高雄市小港區,養殖魚塭,1
高雄市小港區,公共及公用設施,152
高雄市小港區,休閒農場,7
高雄市小港區,農水路使用,2
高雄市小港區,畜牧使用,2
高雄市三民區,其他建築使用,235
高雄市三民區,工廠,86
高雄市三民區,道路或道路設施,67
高雄市三民區,潛在可供農業使用,45
高雄市三民區,農糧作物,85
高雄市三民區,農舍,1
高雄市三民區,河川及水利設施,10
高雄市三民區,林業使用,9
高雄市三民區,公共及公用設施,7
高雄市三民區,畜牧使用,1
高雄市左營區,農糧作物,37
高雄市左營區,林業使用,1
高雄市左營區,道路或道路設施,4
高雄市楠梓區,農糧作物,219
高雄市楠梓區,道路或道路設施,51
高雄市楠梓區,潛在可供農業使用,143
高雄市楠梓區,其他建築使用,189
高雄市楠梓區,林業使用,16
高雄市楠梓區,工廠,85
高雄市楠梓區,農舍,2
高雄市楠梓區,河川及水利設施,11
高雄市楠梓區,公共及公用設施,4
高雄市岡山區,工廠,1330
高雄市岡山區,潛在可供農業使用,2672
高雄市岡山區,道路或道路設施,581
高雄市岡山區,其他建築使用,1901
高雄市岡山區,農糧作物,5013
高雄市岡山區,河川及水利設施,765
高雄市岡山區,林業使用,1272
高雄市岡山區,公共及公用設施,143
高雄市岡山區,畜牧使用,127
高雄市岡山區,農水路使用,724
高雄市岡山區,農舍,115
高雄市岡山區,養殖魚塭,413
高雄市橋頭區,農糧作物,3637
高雄市橋頭區,畜牧使用,103
高雄市橋頭區,道路或道路設施,130
高雄市橋頭區,工廠,373
高雄市橋頭區,河川及水利設施,242
高雄市橋頭區,其他建築使用,344
高雄市橋頭區,農水路使用,338
高雄市橋頭區,農舍,72
高雄市橋頭區,潛在可供農業使用,369
高雄市橋頭區,公共及公用設施,23
高雄市橋頭區,林業使用,38
高雄市橋頭區,養殖魚塭,174
高雄市燕巢區,林業使用,4037
高雄市燕巢區,潛在可供農業使用,2832
高雄市燕巢區,農糧作物,6566
高雄市燕巢區,其他建築使用,2741
高雄市燕巢區,道路或道路設施,945
高雄市燕巢區,農水路使用,277
高雄市燕巢區,畜牧使用,234
高雄市燕巢區,工廠,829
高雄市燕巢區,農舍,77
高雄市燕巢區,河川及水利設施,586
高雄市燕巢區,公共及公用設施,275
高雄市燕巢區,養殖魚塭,78
高雄市燕巢區,休閒農場,1
高雄市永安區,潛在可供農業使用,697
高雄市永安區,其他建築使用,596
高雄市永安區,養殖魚塭,1320
高雄市永安區,農糧作物,1183
高雄市永安區,河川及水利設施,393
高雄市永安區,畜牧使用,65
高雄市永安區,道路或道路設施,284
高雄市永安區,工廠,185
高雄市永安區,林業使用,16
高雄市永安區,農舍,70
高雄市永安區,公共及公用設施,34
高雄市彌陀區,河川及水利設施,403
高雄市彌陀區,農糧作物,589
高雄市彌陀區,潛在可供農業使用,890
高雄市彌陀區,工廠,240
高雄市彌陀區,農舍,145
高雄市彌陀區,道路或道路設施,167
高雄市彌陀區,畜牧使用,63
高雄市彌陀區,其他建築使用,557
高雄市彌陀區,養殖魚塭,821
高雄市彌陀區,公共及公用設施,16
高雄市彌陀區,林業使用,54
高雄市梓官區,農糧作物,2551
高雄市梓官區,潛在可供農業使用,534
高雄市梓官區,其他建築使用,637
高雄市梓官區,工廠,488
高雄市梓官區,道路或道路設施,279
高雄市梓官區,河川及水利設施,432
高雄市梓官區,公共及公用設施,21
高雄市梓官區,農舍,171
高雄市梓官區,林業使用,76
高雄市梓官區,畜牧使用,107
高雄市梓官區,養殖魚塭,64
高雄市梓官區,農水路使用,3
高雄市鳳山區,農糧作物,299
高雄市鳳山區,畜牧使用,8
高雄市鳳山區,其他建築使用,292
高雄市鳳山區,潛在可供農業使用,147
高雄市鳳山區,工廠,144
高雄市鳳山區,林業使用,59
高雄市鳳山區,道路或道路設施,86
高雄市鳳山區,公共及公用設施,52
高雄市鳳山區,河川及水利設施,19
高雄市鳳山區,農舍,2
高雄市鳳山區,農水路使用,3
高雄市大樹區,其他建築使用,2072
高雄市大樹區,農糧作物,8196
高雄市大樹區,公共及公用設施,146
高雄市大樹區,林業使用,1944
高雄市大樹區,河川及水利設施,339
高雄市大樹區,道路或道路設施,783
高雄市大樹區,畜牧使用,89
高雄市大樹區,潛在可供農業使用,1920
高雄市大樹區,農舍,54
高雄市大樹區,工廠,567
高雄市大樹區,休閒農場,7
高雄市大樹區,農水路使用,44
高雄市大樹區,養殖魚塭,10
高雄市旗山區,潛在可供農業使用,5897
高雄市旗山區,河川及水利設施,1354
高雄市旗山區,道路或道路設施,933
高雄市旗山區,農舍,340
高雄市旗山區,農水路使用,734
高雄市旗山區,農糧作物,6893
高雄市旗山區,其他建築使用,2273
高雄市旗山區,工廠,237
高雄市旗山區,林業使用,4117
高雄市旗山區,畜牧使用,182
高雄市旗山區,公共及公用設施,112
高雄市旗山區,養殖魚塭,77
高雄市旗山區,休閒農場,1
高雄市甲仙區,農糧作物,3720
高雄市甲仙區,林業使用,2818
高雄市甲仙區,道路或道路設施,314
高雄市甲仙區,其他建築使用,971
高雄市甲仙區,農舍,79
高雄市甲仙區,潛在可供農業使用,318
高雄市甲仙區,河川及水利設施,105
高雄市甲仙區,養殖魚塭,9
高雄市甲仙區,農水路使用,74
高雄市甲仙區,畜牧使用,18
高雄市甲仙區,公共及公用設施,31
高雄市甲仙區,工廠,35
高雄市杉林區,其他建築使用,1204
高雄市杉林區,農糧作物,7495
高雄市杉林區,河川及水利設施,629
高雄市杉林區,潛在可供農業使用,3433
高雄市杉林區,農舍,426
高雄市杉林區,林業使用,4525
高雄市杉林區,道路或道路設施,482
高雄市杉林區,工廠,17
高雄市杉林區,畜牧使用,133
高雄市杉林區,公共及公用設施,30
高雄市杉林區,農水路使用,550
高雄市杉林區,休閒農場,1
高雄市杉林區,養殖魚塭,1
高雄市內門區,農糧作物,8670
高雄市內門區,林業使用,7360
高雄市內門區,道路或道路設施,762
高雄市內門區,農舍,659
高雄市內門區,畜牧使用,432
高雄市內門區,其他建築使用,1160
高雄市內門區,公共及公用設施,95
高雄市內門區,河川及水利設施,267
高雄市內門區,潛在可供農業使用,2899
高雄市內門區,工廠,67
高雄市內門區,農水路使用,259
高雄市內門區,養殖魚塭,12
高雄市那瑪夏區,林業使用,1931
高雄市那瑪夏區,農糧作物,1394
高雄市那瑪夏區,河川及水利設施,15
高雄市那瑪夏區,其他建築使用,258
高雄市那瑪夏區,潛在可供農業使用,127
高雄市那瑪夏區,道路或道路設施,82
高雄市那瑪夏區,公共及公用設施,19
高雄市那瑪夏區,工廠,6
高雄市那瑪夏區,農水路使用,3
高雄市那瑪夏區,農舍,20
高雄市大社區,農糧作物,2044
高雄市大社區,其他建築使用,1383
高雄市大社區,畜牧使用,80
高雄市大社區,道路或道路設施,465
高雄市大社區,河川及水利設施,131
高雄市大社區,工廠,752
高雄市大社區,林業使用,1498
高雄市大社區,潛在可供農業使用,1757
高雄市大社區,公共及公用設施,143
高雄市大社區,農舍,14
高雄市大社區,農水路使用,7
高雄市仁武區,其他建築使用,2259
高雄市仁武區,林業使用,1021
高雄市仁武區,工廠,2063
高雄市仁武區,道路或道路設施,732
高雄市仁武區,農糧作物,1075
高雄市仁武區,潛在可供農業使用,1190
高雄市仁武區,公共及公用設施,145
高雄市仁武區,河川及水利設施,129
高雄市仁武區,畜牧使用,96
高雄市仁武區,農舍,50
高雄市仁武區,農水路使用,130
高雄市仁武區,養殖魚塭,12
高雄市鳥松區,其他建築使用,1846
高雄市鳥松區,工廠,1427
高雄市鳥松區,農糧作物,1698
高雄市鳥松區,潛在可供農業使用,868
高雄市鳥松區,道路或道路設施,710
高雄市鳥松區,農水路使用,12
高雄市鳥松區,河川及水利設施,243
高雄市鳥松區,農舍,91
高雄市鳥松區,公共及公用設施,73
高雄市鳥松區,林業使用,1274
高雄市鳥松區,畜牧使用,56
高雄市鳥松區,養殖魚塭,8
高雄市田寮區,林業使用,6677
高雄市田寮區,其他建築使用,1729
高雄市田寮區,農糧作物,3799
高雄市田寮區,道路或道路設施,637
高雄市田寮區,潛在可供農業使用,2418
高雄市田寮區,公共及公用設施,76
高雄市田寮區,河川及水利設施,206
高雄市田寮區,畜牧使用,244
高雄市田寮區,農水路使用,121
高雄市田寮區,養殖魚塭,119
高雄市田寮區,農舍,23
高雄市田寮區,工廠,30
高雄市田寮區,休閒農場,13
高雄市阿蓮區,農舍,676
高雄市阿蓮區,河川及水利設施,282
高雄市阿蓮區,潛在可供農業使用,3844
高雄市阿蓮區,農糧作物,5136
高雄市阿蓮區,其他建築使用,1118
高雄市阿蓮區,道路或道路設施,506
高雄市阿蓮區,工廠,512
高雄市阿蓮區,養殖魚塭,1022
高雄市阿蓮區,林業使用,424
高雄市阿蓮區,畜牧使用,461
高雄市阿蓮區,公共及公用設施,86
高雄市阿蓮區,農水路使用,548
高雄市阿蓮區,休閒農場,3
高雄市路竹區,其他建築使用,2026
高雄市路竹區,道路或道路設施,701
高雄市路竹區,河川及水利設施,352
高雄市路竹區,潛在可供農業使用,1965
高雄市路竹區,農水路使用,233
高雄市路竹區,農糧作物,8013
高雄市路竹區,林業使用,248
高雄市路竹區,農舍,250
高雄市路竹區,工廠,782
高雄市路竹區,公共及公用設施,99
高雄市路竹區,養殖魚塭,1280
高雄市路竹區,畜牧使用,489
,其他建築使用,44
,農糧作物,720
,潛在可供農業使用,53
,道路或道路設施,62
,養殖魚塭,2
,畜牧使用,6
,農水路使用,25
,公共及公用設施,1
高雄市湖內區,農糧作物,2123
高雄市湖內區,潛在可供農業使用,686
高雄市湖內區,林業使用,177
高雄市湖內區,河川及水利設施,367
高雄市湖內區,農舍,91
高雄市湖內區,其他建築使用,1266
高雄市湖內區,道路或道路設施,562
高雄市湖內區,畜牧使用,131
高雄市湖內區,工廠,507
高雄市湖內區,公共及公用設施,81
高雄市湖內區,養殖魚塭,2672
高雄市湖內區,農水路使用,214
高雄市茄萣區,養殖魚塭,949
高雄市茄萣區,河川及水利設施,135
高雄市茄萣區,潛在可供農業使用,124
高雄市茄萣區,道路或道路設施,52
高雄市茄萣區,其他建築使用,185
高雄市茄萣區,農水路使用,18
高雄市茄萣區,農舍,2
高雄市茄萣區,畜牧使用,3
高雄市茄萣區,公共及公用設施,5
高雄市茄萣區,農糧作物,5
高雄市茄萣區,工廠,14
高雄市茄萣區,林業使用,23
高雄市美濃區,潛在可供農業使用,11426
高雄市美濃區,林業使用,2480
高雄市美濃區,其他建築使用,4103
高雄市美濃區,農水路使用,2582
高雄市美濃區,農糧作物,9165
高雄市美濃區,道路或道路設施,802
高雄市美濃區,河川及水利設施,1024
高雄市美濃區,農舍,1258
高雄市美濃區,畜牧使用,467
高雄市美濃區,工廠,183
高雄市美濃區,養殖魚塭,802
高雄市美濃區,公共及公用設施,38
高雄市美濃區,休閒農場,3
高雄市六龜區,林業使用,5314
高雄市六龜區,農糧作物,5287
高雄市六龜區,農舍,219
高雄市六龜區,其他建築使用,2827
高雄市六龜區,潛在可供農業使用,4108
高雄市六龜區,道路或道路設施,816
高雄市六龜區,畜牧使用,79
高雄市六龜區,河川及水利設施,259
高雄市六龜區,公共及公用設施,44
高雄市六龜區,工廠,100
高雄市六龜區,農水路使用,165
高雄市六龜區,養殖魚塭,2
高雄市茂林區,林業使用,3468
高雄市茂林區,農糧作物,1054
高雄市茂林區,道路或道路設施,312
高雄市茂林區,潛在可供農業使用,120
高雄市茂林區,其他建築使用,142
高雄市茂林區,公共及公用設施,18
高雄市茂林區,河川及水利設施,99
高雄市茂林區,農舍,5
高雄市茂林區,工廠,2
高雄市桃源區,農糧作物,1291
高雄市桃源區,潛在可供農業使用,462
高雄市桃源區,林業使用,4792
高雄市桃源區,其他建築使用,415
高雄市桃源區,道路或道路設施,29
高雄市桃源區,農舍,87
高雄市桃源區,河川及水利設施,145
高雄市桃源區,公共及公用設施,5
高雄市桃源區,工廠,1
高雄市桃源區,畜牧使用,1
高雄市林園區,潛在可供農業使用,1141
高雄市林園區,其他建築使用,1505
高雄市林園區,公共及公用設施,234
高雄市林園區,工廠,799
高雄市林園區,林業使用,292
高雄市林園區,農糧作物,4119
高雄市林園區,畜牧使用,65
高雄市林園區,河川及水利設施,735
高雄市林園區,養殖魚塭,1126
高雄市林園區,道路或道路設施,718
高雄市林園區,農舍,43
高雄市大寮區,河川及水利設施,1168
高雄市大寮區,林業使用,880
高雄市大寮區,工廠,3718
高雄市大寮區,農糧作物,9813
高雄市大寮區,其他建築使用,5710
高雄市大寮區,公共及公用設施,555
高雄市大寮區,道路或道路設施,1935
高雄市大寮區,潛在可供農業使用,2227
高雄市大寮區,畜牧使用,296
高雄市大寮區,農舍,178
高雄市大寮區,養殖魚塭,191
高雄市大寮區,農水路使用,3
新北市板橋區,道路或道路設施,471
新北市板橋區,林業使用,57
新北市板橋區,河川及水利設施,212
新北市板橋區,其他建築使用,101
新北市板橋區,農糧作物,173
新北市板橋區,畜牧使用,29
新北市板橋區,農舍,3
新北市板橋區,公共及公用設施,80
新北市板橋區,農水路使用,7
新北市板橋區,潛在可供農業使用,753
新北市板橋區,工廠,12
新北市板橋區,養殖魚塭,1
新北市土城區,農糧作物,720
新北市土城區,其他建築使用,1045
新北市土城區,道路或道路設施,586
新北市土城區,公共及公用設施,231
新北市土城區,林業使用,3169
新北市土城區,河川及水利設施,124
新北市土城區,潛在可供農業使用,759
新北市土城區,工廠,510
新北市土城區,農水路使用,20
新北市土城區,農舍,9
新北市土城區,畜牧使用,24
新北市新莊區,農糧作物,746
新北市新莊區,畜牧使用,8
新北市新莊區,工廠,378
新北市新莊區,其他建築使用,434
新北市新莊區,道路或道路設施,290
新北市新莊區,河川及水利設施,70
新北市新莊區,林業使用,470
新北市新莊區,潛在可供農業使用,115
新北市新莊區,公共及公用設施,39
新北市新莊區,養殖魚塭,3
新北市新莊區,農舍,4
新北市新莊區,農水路使用,3
新北市林口區,農糧作物,1412
新北市林口區,其他建築使用,4121
新北市林口區,潛在可供農業使用,2047
新北市林口區,林業使用,6347
新北市林口區,道路或道路設施,898
新北市林口區,畜牧使用,94
新北市林口區,工廠,1014
新北市林口區,河川及水利設施,195
新北市林口區,公共及公用設施,108
新北市林口區,農舍,13
新北市林口區,農水路使用,22
新北市五股區,潛在可供農業使用,1230
新北市五股區,工廠,1683
新北市五股區,道路或道路設施,762
新北市五股區,公共及公用設施,96
新北市五股區,其他建築使用,2560
新北市五股區,河川及水利設施,362
新北市五股區,農糧作物,1101
新北市五股區,林業使用,2283
新北市五股區,農水路使用,43
新北市五股區,農舍,2
新北市五股區,畜牧使用,12
新北市五股區,休閒農場,18
新北市泰山區,河川及水利設施,150
新北市泰山區,農水路使用,22
新北市泰山區,道路或道路設施,260
新北市泰山區,公共及公用設施,62
新北市泰山區,其他建築使用,659
新北市泰山區,工廠,664
新北市泰山區,潛在可供農業使用,205
新北市泰山區,林業使用,1457
新北市泰山區,農糧作物,295
新北市泰山區,農舍,2
新北市泰山區,畜牧使用,23
新北市新店區,其他建築使用,4683
新北市新店區,工廠,623
新北市新店區,公共及公用設施,461
新北市新店區,農糧作物,1890
新北市新店區,道路或道路設施,1231
新北市新店區,林業使用,14608
新北市新店區,農水路使用,23
新北市新店區,潛在可供農業使用,2636
新北市新店區,河川及水利設施,280
新北市新店區,農舍,6
新北市新店區,畜牧使用,35
新北市石碇區,林業使用,22065
新北市石碇區,其他建築使用,1564
新北市石碇區,河川及水利設施,196
新北市石碇區,道路或道路設施,906
新北市石碇區,潛在可供農業使用,2079
新北市石碇區,農糧作物,1758
新北市石碇區,農舍,11
新北市石碇區,工廠,76
新北市石碇區,公共及公用設施,48
新北市石碇區,畜牧使用,15
新北市石碇區,農水路使用,52
新北市石碇區,休閒農場,2
新北市深坑區,潛在可供農業使用,1551
新北市深坑區,林業使用,5421
新北市深坑區,農糧作物,803
新北市深坑區,其他建築使用,868
新北市深坑區,農水路使用,6
新北市深坑區,道路或道路設施,432
新北市深坑區,工廠,132
新北市深坑區,農舍,12
新北市深坑區,河川及水利設施,82
新北市深坑區,公共及公用設施,48
新北市深坑區,畜牧使用,24
新北市坪林區,潛在可供農業使用,2617
新北市坪林區,公共及公用設施,36
新北市坪林區,道路或道路設施,1274
新北市坪林區,農糧作物,4285
新北市坪林區,林業使用,16997
新北市坪林區,其他建築使用,2371
新北市坪林區,工廠,40
新北市坪林區,河川及水利設施,86
新北市坪林區,農水路使用,22
新北市烏來區,其他建築使用,685
新北市烏來區,林業使用,4902
新北市烏來區,道路或道路設施,591
新北市烏來區,潛在可供農業使用,378
新北市烏來區,農糧作物,119
新北市烏來區,公共及公用設施,59
新北市烏來區,工廠,30
新北市烏來區,河川及水利設施,55
新北市烏來區,農水路使用,3
新北市金山區,林業使用,5393
新北市金山區,其他建築使用,1820
新北市金山區,河川及水利設施,304
新北市金山區,道路或道路設施,919
新北市金山區,潛在可供農業使用,2081
新北市金山區,農舍,41
新北市金山區,農糧作物,2032
新北市金山區,公共及公用設施,197
新北市金山區,工廠,63
新北市金山區,養殖魚塭,4
新北市金山區,農水路使用,50
新北市金山區,畜牧使用,12
新北市金山區,休閒農場,10
新北市萬里區,林業使用,4603
新北市萬里區,農糧作物,957
新北市萬里區,潛在可供農業使用,1052
新北市萬里區,其他建築使用,1046
新北市萬里區,道路或道路設施,314
新北市萬里區,河川及水利設施,88
新北市萬里區,工廠,75
新北市萬里區,農舍,8
新北市萬里區,公共及公用設施,103
新北市萬里區,畜牧使用,15
新北市萬里區,農水路使用,40
新北市汐止區,林業使用,13417
新北市汐止區,農糧作物,1386
新北市汐止區,潛在可供農業使用,1614
新北市汐止區,其他建築使用,1986
新北市汐止區,公共及公用設施,295
新北市汐止區,道路或道路設施,901
新北市汐止區,河川及水利設施,249
新北市汐止區,工廠,619
新北市汐止區,農水路使用,37
新北市汐止區,農舍,12
新北市汐止區,畜牧使用,8
新北市淡水區,其他建築使用,1736
新北市淡水區,林業使用,5431
新北市淡水區,河川及水利設施,76
新北市淡水區,潛在可供農業使用,1877
新北市淡水區,道路或道路設施,427
新北市淡水區,農糧作物,2582
新北市淡水區,畜牧使用,87
新北市淡水區,農水路使用,135
新北市淡水區,農舍,21
新北市淡水區,工廠,227
新北市淡水區,公共及公用設施,186
新北市淡水區,休閒農場,2
新北市三芝區,潛在可供農業使用,2625
新北市三芝區,林業使用,6388
新北市三芝區,農糧作物,3083
新北市三芝區,道路或道路設施,636
新北市三芝區,畜牧使用,36
新北市三芝區,農水路使用,80
新北市三芝區,其他建築使用,1914
新北市三芝區,工廠,174
新北市三芝區,河川及水利設施,169
新北市三芝區,農舍,24
新北市三芝區,公共及公用設施,63
新北市三芝區,休閒農場,4
新北市石門區,工廠,27
新北市石門區,其他建築使用,1812
新北市石門區,潛在可供農業使用,1443
新北市石門區,道路或道路設施,474
新北市石門區,河川及水利設施,87
新北市石門區,林業使用,5632
新北市石門區,農糧作物,974
新北市石門區,農水路使用,75
新北市石門區,畜牧使用,11
新北市石門區,公共及公用設施,111
新北市石門區,農舍,5
新北市石門區,休閒農場,13
新北市八里區,潛在可供農業使用,2213
新北市八里區,其他建築使用,3347
新北市八里區,林業使用,2610
新北市八里區,工廠,754
新北市八里區,道路或道路設施,760
新北市八里區,農水路使用,17
新北市八里區,農糧作物,1773
新北市八里區,畜牧使用,30
新北市八里區,河川及水利設施,151
新北市八里區,公共及公用設施,99
新北市八里區,農舍,19
新北市瑞芳區,林業使用,7657
新北市瑞芳區,其他建築使用,1285
新北市瑞芳區,道路或道路設施,484
新北市瑞芳區,潛在可供農業使用,581
新北市瑞芳區,公共及公用設施,83
新北市瑞芳區,工廠,254
新北市瑞芳區,農糧作物,371
新北市瑞芳區,河川及水利設施,196
新北市瑞芳區,農水路使用,26
新北市瑞芳區,畜牧使用,2
新北市瑞芳區,農舍,2
新北市平溪區,林業使用,9566
新北市平溪區,潛在可供農業使用,891
新北市平溪區,道路或道路設施,409
新北市平溪區,河川及水利設施,314
新北市平溪區,農糧作物,556
新北市平溪區,其他建築使用,653
新北市平溪區,農舍,5
新北市平溪區,公共及公用設施,61
新北市平溪區,農水路使用,9
新北市平溪區,工廠,12
新北市雙溪區,道路或道路設施,389
新北市雙溪區,林業使用,15625
新北市雙溪區,其他建築使用,1161
新北市雙溪區,潛在可供農業使用,1878
新北市雙溪區,農糧作物,1474
新北市雙溪區,河川及水利設施,189
新北市雙溪區,農舍,13
新北市雙溪區,工廠,19
新北市雙溪區,農水路使用,62
新北市雙溪區,畜牧使用,21
新北市雙溪區,公共及公用設施,40
新北市雙溪區,休閒農場,40
新北市貢寮區,林業使用,12560
新北市貢寮區,農糧作物,1117
新北市貢寮區,河川及水利設施,397
新北市貢寮區,潛在可供農業使用,3651
新北市貢寮區,其他建築使用,2682
新北市貢寮區,道路或道路設施,623
新北市貢寮區,農水路使用,55
新北市貢寮區,公共及公用設施,84
新北市貢寮區,工廠,40
新北市貢寮區,畜牧使用,14
新北市貢寮區,農舍,4
新北市貢寮區,養殖魚塭,325
新北市三重區,潛在可供農業使用,3
新北市三重區,農糧作物,70
新北市三重區,養殖魚塭,1
新北市三重區,河川及水利設施,9
新北市三重區,工廠,10
新北市三重區,其他建築使用,6
新北市三重區,林業使用,1
新北市三重區,道路或道路設施,9
新北市蘆洲區,潛在可供農業使用,127
新北市蘆洲區,河川及水利設施,139
新北市蘆洲區,其他建築使用,454
新北市蘆洲區,公共及公用設施,45
新北市蘆洲區,道路或道路設施,295
新北市蘆洲區,工廠,606
新北市蘆洲區,農糧作物,294
新北市蘆洲區,林業使用,49
新北市蘆洲區,農舍,2
新北市永和區,農糧作物,49
新北市永和區,河川及水利設施,1
新北市中和區,農糧作物,266
新北市中和區,林業使用,1486
新北市中和區,其他建築使用,546
新北市中和區,公共及公用設施,185
新北市中和區,道路或道路設施,329
新北市中和區,潛在可供農業使用,250
新北市中和區,河川及水利設施,47
新北市中和區,工廠,250
新北市中和區,農舍,6
新北市中和區,農水路使用,2
新北市中和區,畜牧使用,2
新北市三峽區,道路或道路設施,943
新北市三峽區,其他建築使用,2926
新北市三峽區,潛在可供農業使用,3806
新北市三峽區,農糧作物,4205
新北市三峽區,林業使用,12859
新北市三峽區,河川及水利設施,307
新北市三峽區,公共及公用設施,120
新北市三峽區,農水路使用,64
新北市三峽區,工廠,951
新北市三峽區,農舍,102
新北市三峽區,畜牧使用,23
新北市鶯歌區,其他建築使用,1238
新北市鶯歌區,農糧作物,1151
新北市鶯歌區,林業使用,2455
新北市鶯歌區,公共及公用設施,76
新北市鶯歌區,潛在可供農業使用,1003
新北市鶯歌區,工廠,871
新北市鶯歌區,農水路使用,139
新北市鶯歌區,道路或道路設施,426
新北市鶯歌區,養殖魚塭,1
新北市鶯歌區,河川及水利設施,152
新北市鶯歌區,農舍,8
新北市樹林區,林業使用,3217
新北市樹林區,其他建築使用,1672
新北市樹林區,道路或道路設施,492
新北市樹林區,潛在可供農業使用,1073
新北市樹林區,農糧作物,1804
新北市樹林區,河川及水利設施,241
新北市樹林區,工廠,1385
新北市樹林區,農舍,43
新北市樹林區,公共及公用設施,60
新北市樹林區,畜牧使用,29
新北市樹林區,農水路使用,21
宜蘭縣羅東鎮,農糧作物,2432
宜蘭縣羅東鎮,其他建築使用,786
宜蘭縣羅東鎮,潛在可供農業使用,328
宜蘭縣羅東鎮,公共及公用設施,18
宜蘭縣羅東鎮,道路或道路設施,120
宜蘭縣羅東鎮,林業使用,31
宜蘭縣羅東鎮,河川及水利設施,78
宜蘭縣羅東鎮,農水路使用,741
宜蘭縣羅東鎮,工廠,78
宜蘭縣羅東鎮,農舍,454
宜蘭縣羅東鎮,畜牧使用,4
宜蘭縣羅東鎮,休閒農場,5
宜蘭縣五結鄉,潛在可供農業使用,2250
宜蘭縣五結鄉,其他建築使用,3319
宜蘭縣五結鄉,農水路使用,1791
宜蘭縣五結鄉,農舍,888
宜蘭縣五結鄉,畜牧使用,63
宜蘭縣五結鄉,公共及公用設施,44
宜蘭縣五結鄉,農糧作物,8564
宜蘭縣五結鄉,道路或道路設施,567
宜蘭縣五結鄉,養殖魚塭,696
宜蘭縣五結鄉,工廠,267
宜蘭縣五結鄉,河川及水利設施,504
宜蘭縣五結鄉,林業使用,188
宜蘭縣五結鄉,休閒農場,3
宜蘭縣冬山鄉,潛在可供農業使用,3438
宜蘭縣冬山鄉,農糧作物,13199
宜蘭縣冬山鄉,道路或道路設施,674
宜蘭縣冬山鄉,其他建築使用,4292
宜蘭縣冬山鄉,林業使用,2621
宜蘭縣冬山鄉,工廠,504
宜蘭縣冬山鄉,農舍,1866
宜蘭縣冬山鄉,河川及水利設施,707
宜蘭縣冬山鄉,畜牧使用,84
宜蘭縣冬山鄉,農水路使用,2558
宜蘭縣冬山鄉,養殖魚塭,141
宜蘭縣冬山鄉,公共及公用設施,92
宜蘭縣冬山鄉,休閒農場,60
宜蘭縣蘇澳鎮,林業使用,2720
宜蘭縣蘇澳鎮,潛在可供農業使用,1556
宜蘭縣蘇澳鎮,其他建築使用,1119
宜蘭縣蘇澳鎮,公共及公用設施,49
宜蘭縣蘇澳鎮,道路或道路設施,428
宜蘭縣蘇澳鎮,河川及水利設施,415
宜蘭縣蘇澳鎮,農糧作物,5107
宜蘭縣蘇澳鎮,休閒農場,3
宜蘭縣蘇澳鎮,農舍,48
宜蘭縣蘇澳鎮,工廠,109
宜蘭縣蘇澳鎮,畜牧使用,29
宜蘭縣蘇澳鎮,養殖魚塭,95
宜蘭縣蘇澳鎮,農水路使用,121
宜蘭縣三星鄉,農糧作物,15070
宜蘭縣三星鄉,道路或道路設施,294
宜蘭縣三星鄉,農水路使用,4653
宜蘭縣三星鄉,其他建築使用,2168
宜蘭縣三星鄉,河川及水利設施,898
宜蘭縣三星鄉,休閒農場,27
宜蘭縣三星鄉,農舍,1923
宜蘭縣三星鄉,林業使用,2140
宜蘭縣三星鄉,工廠,173
宜蘭縣三星鄉,潛在可供農業使用,1492
宜蘭縣三星鄉,畜牧使用,92
宜蘭縣三星鄉,公共及公用設施,107
宜蘭縣三星鄉,養殖魚塭,2
宜蘭縣大同鄉,林業使用,10651
宜蘭縣大同鄉,農糧作物,3787
宜蘭縣大同鄉,潛在可供農業使用,1496
宜蘭縣大同鄉,其他建築使用,387
宜蘭縣大同鄉,道路或道路設施,236
宜蘭縣大同鄉,河川及水利設施,291
宜蘭縣大同鄉,養殖魚塭,14
宜蘭縣大同鄉,農舍,45
宜蘭縣大同鄉,公共及公用設施,70
宜蘭縣大同鄉,工廠,9
宜蘭縣大同鄉,農水路使用,10
宜蘭縣大同鄉,畜牧使用,1
宜蘭縣南澳鄉,林業使用,7929
宜蘭縣南澳鄉,農糧作物,2178
宜蘭縣南澳鄉,其他建築使用,503
宜蘭縣南澳鄉,潛在可供農業使用,1015
宜蘭縣南澳鄉,農水路使用,7
宜蘭縣南澳鄉,道路或道路設施,152
宜蘭縣南澳鄉,河川及水利設施,182
宜蘭縣南澳鄉,農舍,14
宜蘭縣南澳鄉,公共及公用設施,21
宜蘭縣南澳鄉,養殖魚塭,3
宜蘭縣南澳鄉,畜牧使用,1
宜蘭縣南澳鄉,工廠,6
宜蘭縣宜蘭市,道路或道路設施,846
宜蘭縣宜蘭市,農糧作物,7277
宜蘭縣宜蘭市,其他建築使用,3474
宜蘭縣宜蘭市,工廠,278
宜蘭縣宜蘭市,公共及公用設施,79
宜蘭縣宜蘭市,潛在可供農業使用,1492
宜蘭縣宜蘭市,農舍,1721
宜蘭縣宜蘭市,林業使用,346
宜蘭縣宜蘭市,河川及水利設施,762
宜蘭縣宜蘭市,養殖魚塭,9
宜蘭縣宜蘭市,農水路使用,920
宜蘭縣宜蘭市,畜牧使用,46
宜蘭縣宜蘭市,休閒農場,8
宜蘭縣頭城鎮,河川及水利設施,585
宜蘭縣頭城鎮,潛在可供農業使用,2349
宜蘭縣頭城鎮,農糧作物,2723
宜蘭縣頭城鎮,其他建築使用,1144
宜蘭縣頭城鎮,養殖魚塭,815
宜蘭縣頭城鎮,農舍,131
宜蘭縣頭城鎮,道路或道路設施,424
宜蘭縣頭城鎮,林業使用,4122
宜蘭縣頭城鎮,農水路使用,265
宜蘭縣頭城鎮,休閒農場,65
宜蘭縣頭城鎮,畜牧使用,28
宜蘭縣頭城鎮,公共及公用設施,24
宜蘭縣頭城鎮,工廠,104
宜蘭縣礁溪鄉,農水路使用,2088
宜蘭縣礁溪鄉,道路或道路設施,892
宜蘭縣礁溪鄉,農糧作物,9992
宜蘭縣礁溪鄉,河川及水利設施,970
宜蘭縣礁溪鄉,農舍,907
宜蘭縣礁溪鄉,畜牧使用,155
宜蘭縣礁溪鄉,其他建築使用,3021
宜蘭縣礁溪鄉,公共及公用設施,126
宜蘭縣礁溪鄉,潛在可供農業使用,3011
宜蘭縣礁溪鄉,養殖魚塭,1056
宜蘭縣礁溪鄉,林業使用,4468
宜蘭縣礁溪鄉,工廠,210
宜蘭縣礁溪鄉,休閒農場,19
宜蘭縣壯圍鄉,潛在可供農業使用,2756
宜蘭縣壯圍鄉,農水路使用,2862
宜蘭縣壯圍鄉,農糧作物,10340
宜蘭縣壯圍鄉,河川及水利設施,993
宜蘭縣壯圍鄉,道路或道路設施,634
宜蘭縣壯圍鄉,其他建築使用,1352
宜蘭縣壯圍鄉,農舍,1832
宜蘭縣壯圍鄉,林業使用,446
宜蘭縣壯圍鄉,工廠,118
宜蘭縣壯圍鄉,畜牧使用,66
宜蘭縣壯圍鄉,公共及公用設施,70
宜蘭縣壯圍鄉,休閒農場,10
宜蘭縣壯圍鄉,養殖魚塭,915
宜蘭縣員山鄉,農糧作物,9931
宜蘭縣員山鄉,農水路使用,3099
宜蘭縣員山鄉,潛在可供農業使用,2703
宜蘭縣員山鄉,公共及公用設施,85
宜蘭縣員山鄉,林業使用,4631
宜蘭縣員山鄉,河川及水利設施,728
宜蘭縣員山鄉,其他建築使用,2317
宜蘭縣員山鄉,農舍,2237
宜蘭縣員山鄉,道路或道路設施,495
宜蘭縣員山鄉,畜牧使用,149
宜蘭縣員山鄉,休閒農場,54
宜蘭縣員山鄉,工廠,156
宜蘭縣員山鄉,養殖魚塭,34
桃園市桃園區,養殖魚塭,116
桃園市桃園區,河川及水利設施,518
桃園市桃園區,農糧作物,3995
桃園市桃園區,道路或道路設施,1226
桃園市桃園區,其他建築使用,5835
桃園市桃園區,潛在可供農業使用,964
桃園市桃園區,工廠,1235
桃園市桃園區,林業使用,654
桃園市桃園區,農舍,212
桃園市桃園區,公共及公用設施,124
桃園市桃園區,農水路使用,96
桃園市桃園區,畜牧使用,6
桃園市龜山區,其他建築使用,5687
桃園市龜山區,林業使用,8518
桃園市龜山區,農糧作物,1564
桃園市龜山區,道路或道路設施,1487
桃園市龜山區,工廠,2214
桃園市龜山區,潛在可供農業使用,2080
桃園市龜山區,河川及水利設施,292
桃園市龜山區,公共及公用設施,314
桃園市龜山區,農水路使用,43
桃園市龜山區,養殖魚塭,27
桃園市龜山區,畜牧使用,18
桃園市龜山區,農舍,15
桃園市中壢區,道路或道路設施,2557
桃園市中壢區,其他建築使用,10739
桃園市中壢區,潛在可供農業使用,3681
桃園市中壢區,河川及水利設施,827
桃園市中壢區,工廠,1777
桃園市中壢區,公共及公用設施,376
桃園市中壢區,農舍,1455
桃園市中壢區,農糧作物,13080
桃園市中壢區,林業使用,1042
桃園市中壢區,農水路使用,2384
桃園市中壢區,畜牧使用,128
桃園市中壢區,養殖魚塭,224
桃園市觀音區,潛在可供農業使用,4402
桃園市觀音區,河川及水利設施,647
桃園市觀音區,林業使用,1569
桃園市觀音區,農糧作物,21632
桃園市觀音區,其他建築使用,4446
桃園市觀音區,道路或道路設施,1230
桃園市觀音區,養殖魚塭,557
桃園市觀音區,工廠,1137
桃園市觀音區,公共及公用設施,110
桃園市觀音區,農舍,879
桃園市觀音區,畜牧使用,139
桃園市觀音區,農水路使用,5204
桃園市觀音區,休閒農場,14
桃園市大溪區,河川及水利設施,958
桃園市大溪區,其他建築使用,4868
桃園市大溪區,林業使用,6870
桃園市大溪區,農糧作物,8203
桃園市大溪區,潛在可供農業使用,6124
桃園市大溪區,道路或道路設施,1457
桃園市大溪區,養殖魚塭,76
桃園市大溪區,工廠,921
桃園市大溪區,農水路使用,1175
桃園市大溪區,農舍,283
桃園市大溪區,公共及公用設施,332
桃園市大溪區,畜牧使用,38
桃園市大溪區,休閒農場,8
桃園市龍潭區,林業使用,7256
桃園市龍潭區,潛在可供農業使用,5855
桃園市龍潭區,農糧作物,7843
桃園市龍潭區,農舍,469
桃園市龍潭區,其他建築使用,6267
桃園市龍潭區,農水路使用,99
桃園市龍潭區,公共及公用設施,393
桃園市龍潭區,河川及水利設施,547
桃園市龍潭區,道路或道路設施,1812
桃園市龍潭區,工廠,1006
桃園市龍潭區,畜牧使用,104
桃園市龍潭區,養殖魚塭,93
桃園市龍潭區,休閒農場,4
桃園市復興區,林業使用,18928
桃園市復興區,農糧作物,3785
桃園市復興區,潛在可供農業使用,2827
桃園市復興區,道路或道路設施,674
桃園市復興區,農水路使用,59
桃園市復興區,公共及公用設施,46
桃園市復興區,工廠,31
桃園市復興區,其他建築使用,1167
桃園市復興區,河川及水利設施,222
桃園市復興區,農舍,8
桃園市楊梅區,農糧作物,13299
桃園市楊梅區,養殖魚塭,295
桃園市楊梅區,林業使用,3448
桃園市楊梅區,道路或道路設施,2037
桃園市楊梅區,其他建築使用,6475
桃園市楊梅區,工廠,1514
桃園市楊梅區,潛在可供農業使用,5485
桃園市楊梅區,農舍,463
桃園市楊梅區,公共及公用設施,599
桃園市楊梅區,河川及水利設施,924
桃園市楊梅區,農水路使用,2520
桃園市楊梅區,畜牧使用,193
桃園市楊梅區,休閒農場,16
桃園市新屋區,工廠,1268
桃園市新屋區,農水路使用,5303
桃園市新屋區,河川及水利設施,849
桃園市新屋區,潛在可供農業使用,4168
桃園市新屋區,農糧作物,28038
桃園市新屋區,公共及公用設施,102
桃園市新屋區,其他建築使用,4482
桃園市新屋區,農舍,853
桃園市新屋區,畜牧使用,205
桃園市新屋區,道路或道路設施,1589
桃園市新屋區,林業使用,729
桃園市新屋區,養殖魚塭,314
桃園市新屋區,休閒農場,10
桃園市蘆竹區,其他建築使用,8703
桃園市蘆竹區,潛在可供農業使用,4459
桃園市蘆竹區,工廠,2280
桃園市蘆竹區,農糧作物,10095
桃園市蘆竹區,農舍,563
桃園市蘆竹區,畜牧使用,118
桃園市蘆竹區,道路或道路設施,2961
桃園市蘆竹區,河川及水利設施,1206
桃園市蘆竹區,農水路使用,1254
桃園市蘆竹區,公共及公用設施,208
桃園市蘆竹區,林業使用,4572
桃園市蘆竹區,養殖魚塭,169
桃園市蘆竹區,休閒農場,47
桃園市大園區,工廠,1584
桃園市大園區,河川及水利設施,1174
桃園市大園區,潛在可供農業使用,3700
桃園市大園區,農糧作物,16718
桃園市大園區,道路或道路設施,2117
桃園市大園區,其他建築使用,4843
桃園市大園區,林業使用,983
桃園市大園區,農水路使用,2436
桃園市大園區,農舍,373
桃園市大園區,畜牧使用,244
桃園市大園區,養殖魚塭,279
桃園市大園區,公共及公用設施,194
桃園市八德區,潛在可供農業使用,1342
桃園市八德區,農糧作物,4956
桃園市八德區,其他建築使用,3322
桃園市八德區,道路或道路設施,1281
桃園市八德區,林業使用,764
桃園市八德區,河川及水利設施,376
桃園市八德區,公共及公用設施,289
桃園市八德區,工廠,1412
桃園市八德區,農舍,258
桃園市八德區,農水路使用,1218
桃園市八德區,養殖魚塭,100
桃園市八德區,畜牧使用,20
桃園市平鎮區,農糧作物,6331
桃園市平鎮區,其他建築使用,5925
桃園市平鎮區,畜牧使用,48
桃園市平鎮區,道路或道路設施,1766
桃園市平鎮區,農舍,366
桃園市平鎮區,工廠,1024
桃園市平鎮區,潛在可供農業使用,2336
桃園市平鎮區,公共及公用設施,227
桃園市平鎮區,河川及水利設施,826
桃園市平鎮區,養殖魚塭,99
桃園市平鎮區,林業使用,1286
桃園市平鎮區,農水路使用,572
桃園市平鎮區,休閒農場,6
嘉義市嘉義市,農糧作物,6384
嘉義市嘉義市,道路或道路設施,1348
嘉義市嘉義市,其他建築使用,4024
嘉義市嘉義市,工廠,986
嘉義市嘉義市,潛在可供農業使用,2309
嘉義市嘉義市,公共及公用設施,363
嘉義市嘉義市,林業使用,1497
嘉義市嘉義市,農舍,318
嘉義市嘉義市,河川及水利設施,244
嘉義市嘉義市,畜牧使用,20
嘉義市嘉義市,農水路使用,499
嘉義市嘉義市,養殖魚塭,22
嘉義市嘉義市,休閒農場,1
新竹縣關西鎮,林業使用,18022
新竹縣關西鎮,農糧作物,8429
新竹縣關西鎮,潛在可供農業使用,1927
新竹縣關西鎮,道路或道路設施,1050
新竹縣關西鎮,其他建築使用,3506
新竹縣關西鎮,農水路使用,441
新竹縣關西鎮,河川及水利設施,789
新竹縣關西鎮,農舍,356
新竹縣關西鎮,公共及公用設施,110
新竹縣關西鎮,工廠,194
新竹縣關西鎮,畜牧使用,97
新竹縣關西鎮,養殖魚塭,2
新竹縣新埔鎮,農糧作物,9295
新竹縣新埔鎮,農水路使用,873
新竹縣新埔鎮,潛在可供農業使用,2630
新竹縣新埔鎮,道路或道路設施,1459
新竹縣新埔鎮,其他建築使用,4489
新竹縣新埔鎮,林業使用,11779
新竹縣新埔鎮,畜牧使用,206
新竹縣新埔鎮,河川及水利設施,1855
新竹縣新埔鎮,農舍,676
新竹縣新埔鎮,工廠,450
新竹縣新埔鎮,公共及公用設施,188
新竹縣新埔鎮,休閒農場,106
新竹縣竹北市,農糧作物,8319
新竹縣竹北市,潛在可供農業使用,1861
新竹縣竹北市,畜牧使用,118
新竹縣竹北市,農水路使用,1531
新竹縣竹北市,林業使用,633
新竹縣竹北市,其他建築使用,2213
新竹縣竹北市,農舍,1329
新竹縣竹北市,道路或道路設施,634
新竹縣竹北市,工廠,676
新竹縣竹北市,河川及水利設施,854
新竹縣竹北市,公共及公用設施,111
新竹縣竹北市,養殖魚塭,65
新竹縣竹東鎮,林業使用,7418
新竹縣竹東鎮,其他建築使用,3249
新竹縣竹東鎮,潛在可供農業使用,1677
新竹縣竹東鎮,農糧作物,5433
新竹縣竹東鎮,農舍,678
新竹縣竹東鎮,道路或道路設施,1133
新竹縣竹東鎮,河川及水利設施,627
新竹縣竹東鎮,工廠,572
新竹縣竹東鎮,農水路使用,650
新竹縣竹東鎮,公共及公用設施,100
新竹縣竹東鎮,畜牧使用,28
新竹縣竹東鎮,養殖魚塭,1
新竹縣橫山鄉,其他建築使用,1985
新竹縣橫山鄉,林業使用,12260
新竹縣橫山鄉,農糧作物,6260
新竹縣橫山鄉,農舍,137
新竹縣橫山鄉,潛在可供農業使用,975
新竹縣橫山鄉,道路或道路設施,734
新竹縣橫山鄉,農水路使用,349
新竹縣橫山鄉,休閒農場,7
新竹縣橫山鄉,公共及公用設施,94
新竹縣橫山鄉,河川及水利設施,1122
新竹縣橫山鄉,工廠,160
新竹縣橫山鄉,畜牧使用,49
新竹縣芎林鄉,農糧作物,5414
新竹縣芎林鄉,林業使用,6093
新竹縣芎林鄉,潛在可供農業使用,761
新竹縣芎林鄉,農舍,408
新竹縣芎林鄉,其他建築使用,2019
新竹縣芎林鄉,道路或道路設施,670
新竹縣芎林鄉,河川及水利設施,273
新竹縣芎林鄉,工廠,220
新竹縣芎林鄉,農水路使用,522
新竹縣芎林鄉,畜牧使用,23
新竹縣芎林鄉,公共及公用設施,51
新竹縣芎林鄉,休閒農場,12
新竹縣寶山鄉,工廠,205
新竹縣寶山鄉,農糧作物,6307
新竹縣寶山鄉,林業使用,12228
新竹縣寶山鄉,其他建築使用,3235
新竹縣寶山鄉,農水路使用,1373
新竹縣寶山鄉,道路或道路設施,1107
新竹縣寶山鄉,潛在可供農業使用,1190
新竹縣寶山鄉,畜牧使用,63
新竹縣寶山鄉,河川及水利設施,496
新竹縣寶山鄉,公共及公用設施,142
新竹縣寶山鄉,農舍,258
新竹縣寶山鄉,休閒農場,1
新竹縣北埔鄉,林業使用,12045
新竹縣北埔鄉,潛在可供農業使用,594
新竹縣北埔鄉,農糧作物,3143
新竹縣北埔鄉,道路或道路設施,469
新竹縣北埔鄉,農水路使用,219
新竹縣北埔鄉,河川及水利設施,389
新竹縣北埔鄉,其他建築使用,1154
新竹縣北埔鄉,休閒農場,92
新竹縣北埔鄉,農舍,82
新竹縣北埔鄉,工廠,91
新竹縣北埔鄉,公共及公用設施,16
新竹縣北埔鄉,畜牧使用,39
新竹縣峨眉鄉,農糧作物,4647
新竹縣峨眉鄉,林業使用,8534
新竹縣峨眉鄉,農舍,98
新竹縣峨眉鄉,其他建築使用,1259
新竹縣峨眉鄉,潛在可供農業使用,618
新竹縣峨眉鄉,河川及水利設施,384
新竹縣峨眉鄉,道路或道路設施,378
新竹縣峨眉鄉,農水路使用,366
新竹縣峨眉鄉,畜牧使用,64
新竹縣峨眉鄉,工廠,53
新竹縣峨眉鄉,公共及公用設施,42
新竹縣尖石鄉,農糧作物,3285
新竹縣尖石鄉,林業使用,13298
新竹縣尖石鄉,潛在可供農業使用,677
新竹縣尖石鄉,其他建築使用,1248
新竹縣尖石鄉,農舍,36
新竹縣尖石鄉,道路或道路設施,455
新竹縣尖石鄉,河川及水利設施,204
新竹縣尖石鄉,公共及公用設施,13
新竹縣尖石鄉,農水路使用,4
新竹縣尖石鄉,養殖魚塭,2
新竹縣尖石鄉,休閒農場,6
新竹縣五峰鄉,林業使用,7761
新竹縣五峰鄉,道路或道路設施,478
新竹縣五峰鄉,潛在可供農業使用,301
新竹縣五峰鄉,其他建築使用,645
新竹縣五峰鄉,農糧作物,1485
新竹縣五峰鄉,農舍,13
新竹縣五峰鄉,公共及公用設施,25
新竹縣五峰鄉,休閒農場,17
新竹縣五峰鄉,河川及水利設施,70
新竹縣五峰鄉,工廠,1
新竹縣五峰鄉,農水路使用,1
新竹縣湖口鄉,農水路使用,1214
新竹縣湖口鄉,潛在可供農業使用,2047
新竹縣湖口鄉,農糧作物,8467
新竹縣湖口鄉,農舍,828
新竹縣湖口鄉,其他建築使用,3176
新竹縣湖口鄉,工廠,544
新竹縣湖口鄉,道路或道路設施,1087
新竹縣湖口鄉,林業使用,2480
新竹縣湖口鄉,河川及水利設施,443
新竹縣湖口鄉,公共及公用設施,399
新竹縣湖口鄉,畜牧使用,133
新竹縣湖口鄉,養殖魚塭,60
新竹縣新豐鄉,潛在可供農業使用,1964
新竹縣新豐鄉,林業使用,1515
新竹縣新豐鄉,工廠,577
新竹縣新豐鄉,道路或道路設施,915
新竹縣新豐鄉,其他建築使用,2750
新竹縣新豐鄉,農糧作物,10879
新竹縣新豐鄉,畜牧使用,181
新竹縣新豐鄉,養殖魚塭,39
新竹縣新豐鄉,農水路使用,1348
新竹縣新豐鄉,農舍,664
新竹縣新豐鄉,河川及水利設施,461
新竹縣新豐鄉,公共及公用設施,82
苗栗縣大湖鄉,農糧作物,7909
苗栗縣大湖鄉,林業使用,11489
苗栗縣大湖鄉,道路或道路設施,676
苗栗縣大湖鄉,河川及水利設施,379
苗栗縣大湖鄉,其他建築使用,1771
苗栗縣大湖鄉,潛在可供農業使用,713
苗栗縣大湖鄉,農舍,83
苗栗縣大湖鄉,工廠,65
苗栗縣大湖鄉,農水路使用,564
苗栗縣大湖鄉,公共及公用設施,88
苗栗縣大湖鄉,休閒農場,27
苗栗縣大湖鄉,畜牧使用,23
苗栗縣卓蘭鎮,農糧作物,9594
苗栗縣卓蘭鎮,農舍,114
苗栗縣卓蘭鎮,潛在可供農業使用,741
苗栗縣卓蘭鎮,其他建築使用,1915
苗栗縣卓蘭鎮,農水路使用,626
苗栗縣卓蘭鎮,林業使用,4956
苗栗縣卓蘭鎮,道路或道路設施,801
苗栗縣卓蘭鎮,河川及水利設施,532
苗栗縣卓蘭鎮,休閒農場,10
苗栗縣卓蘭鎮,工廠,86
苗栗縣卓蘭鎮,公共及公用設施,43
苗栗縣卓蘭鎮,畜牧使用,6
苗栗縣獅潭鄉,林業使用,10739
苗栗縣獅潭鄉,農糧作物,2399
苗栗縣獅潭鄉,農舍,61
苗栗縣獅潭鄉,其他建築使用,1157
苗栗縣獅潭鄉,潛在可供農業使用,379
苗栗縣獅潭鄉,道路或道路設施,247
苗栗縣獅潭鄉,河川及水利設施,87
苗栗縣獅潭鄉,畜牧使用,8
苗栗縣獅潭鄉,農水路使用,8
苗栗縣獅潭鄉,公共及公用設施,17
苗栗縣獅潭鄉,工廠,12
苗栗縣獅潭鄉,休閒農場,3
苗栗縣泰安鄉,林業使用,10879
苗栗縣泰安鄉,其他建築使用,1119
苗栗縣泰安鄉,農糧作物,3228
苗栗縣泰安鄉,道路或道路設施,116
苗栗縣泰安鄉,潛在可供農業使用,516
苗栗縣泰安鄉,農舍,32
苗栗縣泰安鄉,河川及水利設施,478
苗栗縣泰安鄉,公共及公用設施,10
苗栗縣泰安鄉,畜牧使用,4
苗栗縣泰安鄉,農水路使用,1
苗栗縣泰安鄉,工廠,1
苗栗縣苗栗市,林業使用,3192
苗栗縣苗栗市,其他建築使用,2731
苗栗縣苗栗市,農糧作物,5350
苗栗縣苗栗市,農舍,556
苗栗縣苗栗市,工廠,262
苗栗縣苗栗市,潛在可供農業使用,847
苗栗縣苗栗市,道路或道路設施,896
苗栗縣苗栗市,公共及公用設施,146
苗栗縣苗栗市,河川及水利設施,374
苗栗縣苗栗市,農水路使用,236
苗栗縣苗栗市,畜牧使用,69
苗栗縣公館鄉,林業使用,6722
苗栗縣公館鄉,農糧作物,9556
苗栗縣公館鄉,農舍,1015
苗栗縣公館鄉,其他建築使用,3771
苗栗縣公館鄉,潛在可供農業使用,2142
苗栗縣公館鄉,道路或道路設施,1544
苗栗縣公館鄉,農水路使用,878
苗栗縣公館鄉,河川及水利設施,483
苗栗縣公館鄉,工廠,256
苗栗縣公館鄉,公共及公用設施,95
苗栗縣公館鄉,畜牧使用,8
苗栗縣公館鄉,休閒農場,3
苗栗縣頭屋鄉,林業使用,6786
苗栗縣頭屋鄉,農糧作物,2411
苗栗縣頭屋鄉,其他建築使用,1699
苗栗縣頭屋鄉,農水路使用,291
苗栗縣頭屋鄉,道路或道路設施,504
苗栗縣頭屋鄉,潛在可供農業使用,502
苗栗縣頭屋鄉,公共及公用設施,48
苗栗縣頭屋鄉,農舍,91
苗栗縣頭屋鄉,工廠,62
苗栗縣頭屋鄉,河川及水利設施,209
苗栗縣頭屋鄉,畜牧使用,13
苗栗縣苑裡鎮,潛在可供農業使用,2125
苗栗縣苑裡鎮,河川及水利設施,823
苗栗縣苑裡鎮,道路或道路設施,1657
苗栗縣苑裡鎮,農糧作物,17323
苗栗縣苑裡鎮,農水路使用,2847
苗栗縣苑裡鎮,林業使用,2958
苗栗縣苑裡鎮,其他建築使用,3356
苗栗縣苑裡鎮,工廠,610
苗栗縣苑裡鎮,畜牧使用,120
苗栗縣苑裡鎮,農舍,640
苗栗縣苑裡鎮,公共及公用設施,60
苗栗縣苑裡鎮,休閒農場,6
苗栗縣通霄鎮,林業使用,9773
苗栗縣通霄鎮,潛在可供農業使用,2158
苗栗縣通霄鎮,農糧作物,13687
苗栗縣通霄鎮,河川及水利設施,508
苗栗縣通霄鎮,其他建築使用,5215
苗栗縣通霄鎮,道路或道路設施,1065
苗栗縣通霄鎮,工廠,410
苗栗縣通霄鎮,公共及公用設施,85
苗栗縣通霄鎮,農舍,125
苗栗縣通霄鎮,農水路使用,342
苗栗縣通霄鎮,養殖魚塭,34
苗栗縣通霄鎮,畜牧使用,233
苗栗縣通霄鎮,休閒農場,87
苗栗縣竹南鎮,農糧作物,5655
苗栗縣竹南鎮,其他建築使用,2617
苗栗縣竹南鎮,潛在可供農業使用,2195
苗栗縣竹南鎮,道路或道路設施,1183
苗栗縣竹南鎮,河川及水利設施,469
苗栗縣竹南鎮,工廠,792
苗栗縣竹南鎮,農舍,280
苗栗縣竹南鎮,農水路使用,375
苗栗縣竹南鎮,林業使用,829
苗栗縣竹南鎮,畜牧使用,115
苗栗縣竹南鎮,公共及公用設施,95
苗栗縣造橋鄉,農糧作物,4588
苗栗縣造橋鄉,潛在可供農業使用,1053
苗栗縣造橋鄉,農水路使用,419
苗栗縣造橋鄉,林業使用,6104
苗栗縣造橋鄉,道路或道路設施,799
苗栗縣造橋鄉,其他建築使用,2134
苗栗縣造橋鄉,河川及水利設施,299
苗栗縣造橋鄉,公共及公用設施,142
苗栗縣造橋鄉,農舍,53
苗栗縣造橋鄉,工廠,206
苗栗縣造橋鄉,畜牧使用,100
苗栗縣造橋鄉,休閒農場,7
苗栗縣後龍鎮,河川及水利設施,937
苗栗縣後龍鎮,道路或道路設施,1372
苗栗縣後龍鎮,潛在可供農業使用,4541
苗栗縣後龍鎮,其他建築使用,4002
苗栗縣後龍鎮,農糧作物,18546
苗栗縣後龍鎮,農水路使用,1432
苗栗縣後龍鎮,林業使用,4287
苗栗縣後龍鎮,農舍,368
苗栗縣後龍鎮,工廠,378
苗栗縣後龍鎮,畜牧使用,152
苗栗縣後龍鎮,公共及公用設施,60
苗栗縣後龍鎮,休閒農場,2
苗栗縣銅鑼鄉,林業使用,8845
苗栗縣銅鑼鄉,農糧作物,9358
苗栗縣銅鑼鄉,其他建築使用,2314
苗栗縣銅鑼鄉,農水路使用,270
苗栗縣銅鑼鄉,畜牧使用,40
苗栗縣銅鑼鄉,工廠,212
苗栗縣銅鑼鄉,道路或道路設施,1057
苗栗縣銅鑼鄉,農舍,198
苗栗縣銅鑼鄉,潛在可供農業使用,2258
苗栗縣銅鑼鄉,公共及公用設施,54
苗栗縣銅鑼鄉,河川及水利設施,849
苗栗縣三義鄉,道路或道路設施,812
苗栗縣三義鄉,農糧作物,3939
苗栗縣三義鄉,其他建築使用,1869
苗栗縣三義鄉,林業使用,6679
苗栗縣三義鄉,潛在可供農業使用,626
苗栗縣三義鄉,農水路使用,168
苗栗縣三義鄉,工廠,267
苗栗縣三義鄉,河川及水利設施,300
苗栗縣三義鄉,農舍,95
苗栗縣三義鄉,公共及公用設施,120
苗栗縣三義鄉,畜牧使用,47
苗栗縣三義鄉,休閒農場,10
苗栗縣西湖鄉,林業使用,4597
苗栗縣西湖鄉,道路或道路設施,443
苗栗縣西湖鄉,農糧作物,5350
苗栗縣西湖鄉,潛在可供農業使用,1092
苗栗縣西湖鄉,河川及水利設施,419
苗栗縣西湖鄉,其他建築使用,1088
苗栗縣西湖鄉,農水路使用,237
苗栗縣西湖鄉,農舍,42
苗栗縣西湖鄉,公共及公用設施,23
苗栗縣西湖鄉,畜牧使用,59
苗栗縣西湖鄉,工廠,45
苗栗縣頭份市,農糧作物,8251
苗栗縣頭份市,道路或道路設施,1416
苗栗縣頭份市,工廠,434
苗栗縣頭份市,其他建築使用,4452
苗栗縣頭份市,公共及公用設施,182
苗栗縣頭份市,河川及水利設施,722
苗栗縣頭份市,潛在可供農業使用,1707
苗栗縣頭份市,農舍,423
苗栗縣頭份市,林業使用,5264
苗栗縣頭份市,農水路使用,313
苗栗縣頭份市,休閒農場,8
苗栗縣頭份市,畜牧使用,29
苗栗縣三灣鄉,其他建築使用,1480
苗栗縣三灣鄉,農糧作物,5103
苗栗縣三灣鄉,工廠,76
苗栗縣三灣鄉,林業使用,9842
苗栗縣三灣鄉,道路或道路設施,625
苗栗縣三灣鄉,潛在可供農業使用,705
苗栗縣三灣鄉,農水路使用,1049
苗栗縣三灣鄉,農舍,74
苗栗縣三灣鄉,休閒農場,58
苗栗縣三灣鄉,公共及公用設施,63
苗栗縣三灣鄉,河川及水利設施,433
苗栗縣三灣鄉,畜牧使用,28
苗栗縣南庄鄉,其他建築使用,1660
苗栗縣南庄鄉,道路或道路設施,696
苗栗縣南庄鄉,河川及水利設施,242
苗栗縣南庄鄉,潛在可供農業使用,585
苗栗縣南庄鄉,農糧作物,3359
苗栗縣南庄鄉,林業使用,11790
苗栗縣南庄鄉,農舍,163
苗栗縣南庄鄉,畜牧使用,15
苗栗縣南庄鄉,農水路使用,152
苗栗縣南庄鄉,工廠,21
苗栗縣南庄鄉,公共及公用設施,40
苗栗縣南庄鄉,休閒農場,7
臺中市豐原區,農糧作物,4610
臺中市豐原區,河川及水利設施,344
臺中市豐原區,道路或道路設施,2161
臺中市豐原區,農舍,832
臺中市豐原區,其他建築使用,5570
臺中市豐原區,林業使用,2669
臺中市豐原區,工廠,2556
臺中市豐原區,公共及公用設施,179
臺中市豐原區,潛在可供農業使用,1566
臺中市豐原區,畜牧使用,21
臺中市豐原區,農水路使用,122
臺中市神岡區,其他建築使用,6374
臺中市神岡區,農水路使用,327
臺中市神岡區,潛在可供農業使用,1510
臺中市神岡區,道路或道路設施,2073
臺中市神岡區,林業使用,553
臺中市神岡區,河川及水利設施,332
臺中市神岡區,工廠,3441
臺中市神岡區,農糧作物,6290
臺中市神岡區,畜牧使用,108
臺中市神岡區,農舍,1392
臺中市神岡區,公共及公用設施,121
臺中市后里區,河川及水利設施,329
臺中市后里區,潛在可供農業使用,1435
臺中市后里區,畜牧使用,126
臺中市后里區,林業使用,1288
臺中市后里區,道路或道路設施,1300
臺中市后里區,農糧作物,9368
臺中市后里區,工廠,835
臺中市后里區,其他建築使用,3193
臺中市后里區,農舍,472
臺中市后里區,農水路使用,473
臺中市后里區,公共及公用設施,65
臺中市大甲區,農舍,377
臺中市大甲區,道路或道路設施,1943
臺中市大甲區,農糧作物,16674
臺中市大甲區,其他建築使用,3541
臺中市大甲區,農水路使用,1583
臺中市大甲區,潛在可供農業使用,2212
臺中市大甲區,工廠,886
臺中市大甲區,河川及水利設施,518
臺中市大甲區,公共及公用設施,104
臺中市大甲區,林業使用,518
臺中市大甲區,畜牧使用,59
臺中市大甲區,休閒農場,3
臺中市外埔區,農糧作物,9878
臺中市外埔區,道路或道路設施,767
臺中市外埔區,畜牧使用,114
臺中市外埔區,其他建築使用,1686
臺中市外埔區,工廠,452
臺中市外埔區,河川及水利設施,254
臺中市外埔區,林業使用,815
臺中市外埔區,農舍,153
臺中市外埔區,農水路使用,394
臺中市外埔區,潛在可供農業使用,686
臺中市外埔區,休閒農場,42
臺中市外埔區,公共及公用設施,65
臺中市大安區,其他建築使用,1363
臺中市大安區,農糧作物,10443
臺中市大安區,工廠,544
臺中市大安區,潛在可供農業使用,819
臺中市大安區,農水路使用,499
臺中市大安區,道路或道路設施,478
臺中市大安區,河川及水利設施,366
臺中市大安區,畜牧使用,118
臺中市大安區,農舍,165
臺中市大安區,林業使用,24
臺中市大安區,公共及公用設施,11
臺中市大安區,休閒農場,2
臺中市清水區,潛在可供農業使用,2360
臺中市清水區,公共及公用設施,178
臺中市清水區,林業使用,363
臺中市清水區,農糧作物,15332
臺中市清水區,河川及水利設施,670
臺中市清水區,畜牧使用,75
臺中市清水區,其他建築使用,8771
臺中市清水區,道路或道路設施,2113
臺中市清水區,工廠,1448
臺中市清水區,農舍,1793
臺中市清水區,農水路使用,15
臺中市清水區,養殖魚塭,2
臺中市沙鹿區,其他建築使用,3419
臺中市沙鹿區,農糧作物,4741
臺中市沙鹿區,河川及水利設施,142
臺中市沙鹿區,農舍,29
臺中市沙鹿區,工廠,403
臺中市沙鹿區,道路或道路設施,502
臺中市沙鹿區,林業使用,518
臺中市沙鹿區,潛在可供農業使用,249
臺中市沙鹿區,畜牧使用,17
臺中市沙鹿區,公共及公用設施,475
臺中市沙鹿區,農水路使用,3
臺中市梧棲區,農糧作物,4907
臺中市梧棲區,農舍,745
臺中市梧棲區,其他建築使用,1779
臺中市梧棲區,工廠,348
臺中市梧棲區,潛在可供農業使用,333
臺中市梧棲區,道路或道路設施,477
臺中市梧棲區,河川及水利設施,49
臺中市梧棲區,畜牧使用,24
臺中市梧棲區,公共及公用設施,22
臺中市梧棲區,林業使用,29
臺中市東勢區,休閒農場,9
臺中市東勢區,農糧作物,13034
臺中市東勢區,林業使用,6270
臺中市東勢區,農舍,426
臺中市東勢區,其他建築使用,2562
臺中市東勢區,公共及公用設施,42
臺中市東勢區,潛在可供農業使用,1328
臺中市東勢區,工廠,172
臺中市東勢區,道路或道路設施,735
臺中市東勢區,畜牧使用,17
臺中市東勢區,河川及水利設施,255
臺中市東勢區,農水路使用,146
臺中市新社區,農糧作物,11310
臺中市新社區,林業使用,4957
臺中市新社區,潛在可供農業使用,478
臺中市新社區,其他建築使用,3445
臺中市新社區,公共及公用設施,116
臺中市新社區,農舍,697
臺中市新社區,道路或道路設施,839
臺中市新社區,農水路使用,354
臺中市新社區,工廠,177
臺中市新社區,河川及水利設施,187
臺中市新社區,畜牧使用,83
臺中市新社區,休閒農場,15
臺中市石岡區,林業使用,2154
臺中市石岡區,農糧作物,3140
臺中市石岡區,其他建築使用,1938
臺中市石岡區,農舍,260
臺中市石岡區,河川及水利設施,154
臺中市石岡區,潛在可供農業使用,862
臺中市石岡區,道路或道路設施,917
臺中市石岡區,公共及公用設施,61
臺中市石岡區,工廠,313
臺中市石岡區,休閒農場,2
臺中市石岡區,畜牧使用,11
臺中市石岡區,農水路使用,99
臺中市和平區,河川及水利設施,559
臺中市和平區,其他建築使用,1546
臺中市和平區,道路或道路設施,297
臺中市和平區,公共及公用設施,56
臺中市和平區,林業使用,7324
臺中市和平區,農糧作物,8217
臺中市和平區,潛在可供農業使用,594
臺中市和平區,農舍,49
臺中市和平區,畜牧使用,4
臺中市和平區,農水路使用,5
臺中市和平區,工廠,29
臺中市和平區,休閒農場,4
臺中市大雅區,農水路使用,338
臺中市大雅區,道路或道路設施,1249
臺中市大雅區,工廠,1786
臺中市大雅區,農糧作物,5006
臺中市大雅區,其他建築使用,5912
臺中市大雅區,林業使用,366
臺中市大雅區,潛在可供農業使用,661
臺中市大雅區,畜牧使用,73
臺中市大雅區,農舍,1105
臺中市大雅區,河川及水利設施,136
臺中市大雅區,公共及公用設施,67
臺中市潭子區,其他建築使用,5886
臺中市潭子區,道路或道路設施,1627
臺中市潭子區,林業使用,1224
臺中市潭子區,農糧作物,3461
臺中市潭子區,河川及水利設施,404
臺中市潭子區,潛在可供農業使用,861
臺中市潭子區,工廠,1609
臺中市潭子區,公共及公用設施,106
臺中市潭子區,農水路使用,131
臺中市潭子區,農舍,381
臺中市潭子區,畜牧使用,22
臺中市霧峰區,其他建築使用,2314
臺中市霧峰區,道路或道路設施,1145
臺中市霧峰區,潛在可供農業使用,1844
臺中市霧峰區,農糧作物,11067
臺中市霧峰區,農舍,391
臺中市霧峰區,河川及水利設施,539
臺中市霧峰區,公共及公用設施,170
臺中市霧峰區,工廠,1122
臺中市霧峰區,林業使用,3151
臺中市霧峰區,畜牧使用,47
臺中市霧峰區,農水路使用,1070
臺中市霧峰區,休閒農場,4
臺中市霧峰區,養殖魚塭,9
臺中市烏日區,農糧作物,5754
臺中市烏日區,潛在可供農業使用,856
臺中市烏日區,其他建築使用,1545
臺中市烏日區,道路或道路設施,551
臺中市烏日區,農舍,189
臺中市烏日區,工廠,1609
臺中市烏日區,林業使用,417
臺中市烏日區,河川及水利設施,481
臺中市烏日區,公共及公用設施,90
臺中市烏日區,畜牧使用,75
臺中市烏日區,農水路使用,1453
臺中市烏日區,養殖魚塭,7
臺中市大里區,工廠,1426
臺中市大里區,農糧作物,2448
臺中市大里區,其他建築使用,1206
臺中市大里區,林業使用,449
臺中市大里區,潛在可供農業使用,1111
臺中市大里區,河川及水利設施,469
臺中市大里區,農水路使用,198
臺中市大里區,道路或道路設施,1019
臺中市大里區,公共及公用設施,106
臺中市大里區,農舍,86
臺中市大里區,畜牧使用,12
臺中市大里區,休閒農場,2
臺中市太平區,農糧作物,5918
臺中市太平區,河川及水利設施,286
臺中市太平區,農舍,217
臺中市太平區,林業使用,6384
臺中市太平區,道路或道路設施,791
臺中市太平區,其他建築使用,2234
臺中市太平區,潛在可供農業使用,817
臺中市太平區,公共及公用設施,100
臺中市太平區,休閒農場,12
臺中市太平區,工廠,1108
臺中市太平區,畜牧使用,19
臺中市太平區,農水路使用,13
臺中市大肚區,林業使用,432
臺中市大肚區,農水路使用,73
臺中市大肚區,其他建築使用,2579
臺中市大肚區,農糧作物,4879
臺中市大肚區,潛在可供農業使用,525
臺中市大肚區,農舍,810
臺中市大肚區,道路或道路設施,915
臺中市大肚區,工廠,842
臺中市大肚區,河川及水利設施,289
臺中市大肚區,公共及公用設施,70
臺中市大肚區,畜牧使用,43
臺中市大肚區,養殖魚塭,1
臺中市龍井區,道路或道路設施,753
臺中市龍井區,河川及水利設施,378
臺中市龍井區,農糧作物,7784
臺中市龍井區,工廠,963
臺中市龍井區,其他建築使用,2979
臺中市龍井區,潛在可供農業使用,862
臺中市龍井區,林業使用,430
臺中市龍井區,農舍,1096
臺中市龍井區,公共及公用設施,111
臺中市龍井區,農水路使用,2
臺中市龍井區,畜牧使用,63
臺中市龍井區,養殖魚塭,5
臺中市龍井區,休閒農場,4
南投縣南投市,農糧作物,10762
南投縣南投市,潛在可供農業使用,2700
南投縣南投市,其他建築使用,2968
南投縣南投市,公共及公用設施,222
南投縣南投市,道路或道路設施,1150
南投縣南投市,河川及水利設施,852
南投縣南投市,林業使用,3155
南投縣南投市,農水路使用,354
南投縣南投市,工廠,265
南投縣南投市,農舍,583
南投縣南投市,畜牧使用,153
南投縣南投市,休閒農場,10
南投縣名間鄉,其他建築使用,2162
南投縣名間鄉,農水路使用,726
南投縣名間鄉,道路或道路設施,967
南投縣名間鄉,農糧作物,17034
南投縣名間鄉,林業使用,2746
南投縣名間鄉,潛在可供農業使用,3961
南投縣名間鄉,工廠,365
南投縣名間鄉,畜牧使用,119
南投縣名間鄉,農舍,171
南投縣名間鄉,河川及水利設施,346
南投縣名間鄉,休閒農場,5
南投縣名間鄉,公共及公用設施,76
南投縣名間鄉,養殖魚塭,9
南投縣中寮鄉,農糧作物,14220
南投縣中寮鄉,潛在可供農業使用,4960
南投縣中寮鄉,其他建築使用,976
南投縣中寮鄉,林業使用,9984
南投縣中寮鄉,道路或道路設施,456
南投縣中寮鄉,畜牧使用,46
南投縣中寮鄉,農水路使用,11
南投縣中寮鄉,河川及水利設施,551
南投縣中寮鄉,公共及公用設施,52
南投縣中寮鄉,農舍,21
南投縣中寮鄉,工廠,35
南投縣中寮鄉,休閒農場,2
南投縣草屯鎮,其他建築使用,4331
南投縣草屯鎮,農糧作物,16321
南投縣草屯鎮,道路或道路設施,1306
南投縣草屯鎮,潛在可供農業使用,3871
南投縣草屯鎮,公共及公用設施,242
南投縣草屯鎮,工廠,874
南投縣草屯鎮,農舍,1851
南投縣草屯鎮,河川及水利設施,798
南投縣草屯鎮,林業使用,2917
南投縣草屯鎮,農水路使用,1676
南投縣草屯鎮,畜牧使用,113
南投縣草屯鎮,休閒農場,8
南投縣埔里鎮,農糧作物,16562
南投縣埔里鎮,其他建築使用,5367
南投縣埔里鎮,林業使用,9653
南投縣埔里鎮,潛在可供農業使用,5536
南投縣埔里鎮,河川及水利設施,908
南投縣埔里鎮,道路或道路設施,1538
南投縣埔里鎮,工廠,415
南投縣埔里鎮,農舍,943
南投縣埔里鎮,公共及公用設施,156
南投縣埔里鎮,休閒農場,55
南投縣埔里鎮,畜牧使用,164
南投縣埔里鎮,農水路使用,776
南投縣魚池鄉,農糧作物,8186
南投縣魚池鄉,潛在可供農業使用,2281
南投縣魚池鄉,林業使用,3583
南投縣魚池鄉,其他建築使用,1563
南投縣魚池鄉,道路或道路設施,328
南投縣魚池鄉,農水路使用,73
南投縣魚池鄉,農舍,111
南投縣魚池鄉,公共及公用設施,41
南投縣魚池鄉,畜牧使用,61
南投縣魚池鄉,河川及水利設施,113
南投縣魚池鄉,工廠,49
南投縣魚池鄉,休閒農場,2
南投縣國姓鄉,畜牧使用,142
南投縣國姓鄉,農糧作物,9877
南投縣國姓鄉,林業使用,9298
南投縣國姓鄉,潛在可供農業使用,3831
南投縣國姓鄉,道路或道路設施,384
南投縣國姓鄉,其他建築使用,1144
南投縣國姓鄉,河川及水利設施,235
南投縣國姓鄉,工廠,52
南投縣國姓鄉,農水路使用,113
南投縣國姓鄉,休閒農場,23
南投縣國姓鄉,公共及公用設施,37
南投縣國姓鄉,農舍,9
南投縣仁愛鄉,林業使用,15033
南投縣仁愛鄉,農糧作物,9204
南投縣仁愛鄉,潛在可供農業使用,4405
南投縣仁愛鄉,其他建築使用,1990
南投縣仁愛鄉,道路或道路設施,232
南投縣仁愛鄉,河川及水利設施,513
南投縣仁愛鄉,農舍,3
南投縣仁愛鄉,公共及公用設施,35
南投縣仁愛鄉,農水路使用,3
南投縣仁愛鄉,工廠,8
南投縣仁愛鄉,畜牧使用,22
南投縣竹山鎮,林業使用,16887
南投縣竹山鎮,潛在可供農業使用,5924
南投縣竹山鎮,道路或道路設施,1576
南投縣竹山鎮,其他建築使用,2764
南投縣竹山鎮,工廠,377
南投縣竹山鎮,農糧作物,14711
南投縣竹山鎮,河川及水利設施,1363
南投縣竹山鎮,公共及公用設施,109
南投縣竹山鎮,農舍,213
南投縣竹山鎮,畜牧使用,174
南投縣竹山鎮,農水路使用,606
南投縣竹山鎮,休閒農場,2
南投縣鹿谷鄉,林業使用,6218
南投縣鹿谷鄉,公共及公用設施,49
南投縣鹿谷鄉,農糧作物,8874
南投縣鹿谷鄉,潛在可供農業使用,1925
南投縣鹿谷鄉,其他建築使用,1753
南投縣鹿谷鄉,道路或道路設施,835
南投縣鹿谷鄉,河川及水利設施,298
南投縣鹿谷鄉,工廠,77
南投縣鹿谷鄉,農舍,35
南投縣鹿谷鄉,休閒農場,7
南投縣鹿谷鄉,農水路使用,14
南投縣鹿谷鄉,畜牧使用,7
南投縣集集鎮,潛在可供農業使用,1259
南投縣集集鎮,農糧作物,5161
南投縣集集鎮,林業使用,1558
南投縣集集鎮,其他建築使用,1028
南投縣集集鎮,道路或道路設施,501
南投縣集集鎮,河川及水利設施,310
南投縣集集鎮,公共及公用設施,76
南投縣集集鎮,工廠,74
南投縣集集鎮,畜牧使用,45
南投縣集集鎮,農舍,47
南投縣集集鎮,農水路使用,149
南投縣集集鎮,休閒農場,1
南投縣水里鄉,其他建築使用,1084
南投縣水里鄉,林業使用,3250
南投縣水里鄉,河川及水利設施,647
南投縣水里鄉,農糧作物,5370
南投縣水里鄉,公共及公用設施,39
南投縣水里鄉,潛在可供農業使用,1054
南投縣水里鄉,道路或道路設施,369
南投縣水里鄉,農水路使用,26
南投縣水里鄉,畜牧使用,69
南投縣水里鄉,工廠,50
南投縣水里鄉,休閒農場,1
南投縣水里鄉,農舍,1
南投縣信義鄉,潛在可供農業使用,2115
南投縣信義鄉,農糧作物,7646
南投縣信義鄉,其他建築使用,799
南投縣信義鄉,道路或道路設施,315
南投縣信義鄉,林業使用,9323
南投縣信義鄉,農水路使用,2
南投縣信義鄉,河川及水利設施,705
南投縣信義鄉,公共及公用設施,38
南投縣信義鄉,工廠,12
南投縣信義鄉,休閒農場,2
南投縣信義鄉,農舍,4
彰化縣彰化市,林業使用,2840
彰化縣彰化市,道路或道路設施,1248
彰化縣彰化市,潛在可供農業使用,1988
彰化縣彰化市,河川及水利設施,252
彰化縣彰化市,農糧作物,6373
彰化縣彰化市,其他建築使用,3577
彰化縣彰化市,工廠,1879
彰化縣彰化市,農舍,353
彰化縣彰化市,公共及公用設施,163
彰化縣彰化市,畜牧使用,70
彰化縣彰化市,農水路使用,731
彰化縣彰化市,養殖魚塭,50
彰化縣彰化市,休閒農場,5
彰化縣秀水鄉,潛在可供農業使用,1569
彰化縣秀水鄉,道路或道路設施,660
彰化縣秀水鄉,其他建築使用,2490
彰化縣秀水鄉,工廠,1236
彰化縣秀水鄉,農糧作物,8200
彰化縣秀水鄉,河川及水利設施,365
彰化縣秀水鄉,農舍,368
彰化縣秀水鄉,公共及公用設施,85
彰化縣秀水鄉,林業使用,263
彰化縣秀水鄉,養殖魚塭,56
彰化縣秀水鄉,畜牧使用,160
彰化縣秀水鄉,農水路使用,1313
彰化縣花壇鄉,道路或道路設施,777
彰化縣花壇鄉,農糧作物,4556
彰化縣花壇鄉,潛在可供農業使用,1052
彰化縣花壇鄉,工廠,889
彰化縣花壇鄉,河川及水利設施,243
彰化縣花壇鄉,農舍,130
彰化縣花壇鄉,其他建築使用,2447
彰化縣花壇鄉,公共及公用設施,99
彰化縣花壇鄉,農水路使用,404
彰化縣花壇鄉,林業使用,2101
彰化縣花壇鄉,養殖魚塭,109
彰化縣花壇鄉,畜牧使用,42
彰化縣花壇鄉,休閒農場,2
彰化縣芬園鄉,林業使用,2529
彰化縣芬園鄉,農糧作物,6959
彰化縣芬園鄉,潛在可供農業使用,2126
彰化縣芬園鄉,其他建築使用,1368
彰化縣芬園鄉,道路或道路設施,418
彰化縣芬園鄉,畜牧使用,80
彰化縣芬園鄉,河川及水利設施,521
彰化縣芬園鄉,農舍,118
彰化縣芬園鄉,工廠,309
彰化縣芬園鄉,公共及公用設施,17
彰化縣芬園鄉,農水路使用,1062
彰化縣芬園鄉,養殖魚塭,1
彰化縣芬園鄉,休閒農場,6
彰化縣和美鎮,潛在可供農業使用,1827
彰化縣和美鎮,公共及公用設施,101
彰化縣和美鎮,農糧作物,8940
彰化縣和美鎮,其他建築使用,2856
彰化縣和美鎮,林業使用,597
彰化縣和美鎮,工廠,2123
彰化縣和美鎮,農舍,332
彰化縣和美鎮,農水路使用,1678
彰化縣和美鎮,道路或道路設施,837
彰化縣和美鎮,河川及水利設施,196
彰化縣和美鎮,畜牧使用,40
彰化縣和美鎮,養殖魚塭,12
彰化縣線西鄉,潛在可供農業使用,642
彰化縣線西鄉,農糧作物,4268
彰化縣線西鄉,農水路使用,649
彰化縣線西鄉,其他建築使用,1168
彰化縣線西鄉,工廠,664
彰化縣線西鄉,道路或道路設施,386
彰化縣線西鄉,畜牧使用,67
彰化縣線西鄉,養殖魚塭,125
彰化縣線西鄉,河川及水利設施,115
彰化縣線西鄉,農舍,140
彰化縣線西鄉,公共及公用設施,29
彰化縣線西鄉,林業使用,52
彰化縣伸港鄉,道路或道路設施,337
彰化縣伸港鄉,農糧作物,5862
彰化縣伸港鄉,其他建築使用,1375
彰化縣伸港鄉,潛在可供農業使用,1102
彰化縣伸港鄉,工廠,710
彰化縣伸港鄉,林業使用,179
彰化縣伸港鄉,河川及水利設施,110
彰化縣伸港鄉,農舍,121
彰化縣伸港鄉,農水路使用,428
彰化縣伸港鄉,公共及公用設施,24
彰化縣伸港鄉,養殖魚塭,336
彰化縣伸港鄉,畜牧使用,49
彰化縣鹿港鎮,農糧作物,9707
彰化縣鹿港鎮,林業使用,515
彰化縣鹿港鎮,工廠,1993
彰化縣鹿港鎮,養殖魚塭,1148
彰化縣鹿港鎮,其他建築使用,3202
彰化縣鹿港鎮,潛在可供農業使用,3811
彰化縣鹿港鎮,農舍,957
彰化縣鹿港鎮,道路或道路設施,937
彰化縣鹿港鎮,農水路使用,2511
彰化縣鹿港鎮,河川及水利設施,339
彰化縣鹿港鎮,畜牧使用,60
彰化縣鹿港鎮,公共及公用設施,71
彰化縣福興鄉,農糧作物,13225
彰化縣福興鄉,工廠,1394
彰化縣福興鄉,潛在可供農業使用,2279
彰化縣福興鄉,其他建築使用,2373
彰化縣福興鄉,道路或道路設施,884
彰化縣福興鄉,公共及公用設施,65
彰化縣福興鄉,農舍,327
彰化縣福興鄉,畜牧使用,200
彰化縣福興鄉,農水路使用,1601
彰化縣福興鄉,林業使用,317
彰化縣福興鄉,養殖魚塭,741
彰化縣福興鄉,河川及水利設施,407
彰化縣員林市,林業使用,2758
彰化縣員林市,工廠,852
彰化縣員林市,農水路使用,671
彰化縣員林市,潛在可供農業使用,2286
彰化縣員林市,其他建築使用,2772
彰化縣員林市,河川及水利設施,325
彰化縣員林市,道路或道路設施,875
彰化縣員林市,農糧作物,4409
彰化縣員林市,農舍,268
彰化縣員林市,養殖魚塭,6
彰化縣員林市,公共及公用設施,51
彰化縣員林市,畜牧使用,41
彰化縣員林市,休閒農場,3
彰化縣永靖鄉,道路或道路設施,320
彰化縣永靖鄉,其他建築使用,1984
彰化縣永靖鄉,農糧作物,6411
彰化縣永靖鄉,工廠,390
彰化縣永靖鄉,農水路使用,763
彰化縣永靖鄉,潛在可供農業使用,1019
彰化縣永靖鄉,農舍,200
彰化縣永靖鄉,林業使用,423
彰化縣永靖鄉,畜牧使用,125
彰化縣永靖鄉,河川及水利設施,28
彰化縣永靖鄉,公共及公用設施,55
彰化縣永靖鄉,養殖魚塭,1
彰化縣大村鄉,潛在可供農業使用,1322
彰化縣大村鄉,其他建築使用,2263
彰化縣大村鄉,農水路使用,898
彰化縣大村鄉,河川及水利設施,242
彰化縣大村鄉,道路或道路設施,1069
彰化縣大村鄉,林業使用,987
彰化縣大村鄉,農糧作物,5772
彰化縣大村鄉,農舍,182
彰化縣大村鄉,工廠,787
彰化縣大村鄉,公共及公用設施,80
彰化縣大村鄉,畜牧使用,67
彰化縣大村鄉,休閒農場,7
彰化縣大村鄉,養殖魚塭,8
彰化縣田中鎮,道路或道路設施,493
彰化縣田中鎮,農糧作物,7631
彰化縣田中鎮,潛在可供農業使用,1415
彰化縣田中鎮,農水路使用,692
彰化縣田中鎮,其他建築使用,939
彰化縣田中鎮,畜牧使用,68
彰化縣田中鎮,工廠,239
彰化縣田中鎮,河川及水利設施,218
彰化縣田中鎮,公共及公用設施,42
彰化縣田中鎮,林業使用,2010
彰化縣田中鎮,農舍,83
彰化縣田中鎮,養殖魚塭,5
彰化縣社頭鄉,農糧作物,6356
彰化縣社頭鄉,潛在可供農業使用,1333
彰化縣社頭鄉,林業使用,1763
彰化縣社頭鄉,其他建築使用,1356
彰化縣社頭鄉,道路或道路設施,466
彰化縣社頭鄉,工廠,469
彰化縣社頭鄉,河川及水利設施,225
彰化縣社頭鄉,畜牧使用,44
彰化縣社頭鄉,農水路使用,787
彰化縣社頭鄉,農舍,250
彰化縣社頭鄉,養殖魚塭,11
彰化縣社頭鄉,公共及公用設施,28
彰化縣二水鄉,農糧作物,2138
彰化縣二水鄉,其他建築使用,648
彰化縣二水鄉,潛在可供農業使用,577
彰化縣二水鄉,道路或道路設施,311
彰化縣二水鄉,林業使用,1803
彰化縣二水鄉,工廠,75
彰化縣二水鄉,河川及水利設施,51
彰化縣二水鄉,農水路使用,96
彰化縣二水鄉,公共及公用設施,7
彰化縣二水鄉,畜牧使用,18
彰化縣二水鄉,農舍,16
彰化縣二水鄉,休閒農場,4
彰化縣北斗鎮,農糧作物,5896
彰化縣北斗鎮,其他建築使用,727
彰化縣北斗鎮,潛在可供農業使用,825
彰化縣北斗鎮,農水路使用,95
彰化縣北斗鎮,道路或道路設施,329
彰化縣北斗鎮,河川及水利設施,169
彰化縣北斗鎮,公共及公用設施,31
彰化縣北斗鎮,工廠,257
彰化縣北斗鎮,農舍,65
彰化縣北斗鎮,畜牧使用,119
彰化縣北斗鎮,林業使用,336
彰化縣北斗鎮,養殖魚塭,2
彰化縣田尾鄉,其他建築使用,2688
彰化縣田尾鄉,農舍,184
彰化縣田尾鄉,潛在可供農業使用,823
彰化縣田尾鄉,農糧作物,10195
彰化縣田尾鄉,工廠,275
彰化縣田尾鄉,林業使用,257
彰化縣田尾鄉,公共及公用設施,30
彰化縣田尾鄉,農水路使用,1203
彰化縣田尾鄉,河川及水利設施,105
彰化縣田尾鄉,道路或道路設施,1088
彰化縣田尾鄉,畜牧使用,146
彰化縣埤頭鄉,農糧作物,11003
彰化縣埤頭鄉,道路或道路設施,520
彰化縣埤頭鄉,潛在可供農業使用,1267
彰化縣埤頭鄉,農水路使用,827
彰化縣埤頭鄉,工廠,364
彰化縣埤頭鄉,其他建築使用,976
彰化縣埤頭鄉,河川及水利設施,166
彰化縣埤頭鄉,林業使用,246
彰化縣埤頭鄉,農舍,69
彰化縣埤頭鄉,畜牧使用,230
彰化縣埤頭鄉,公共及公用設施,71
彰化縣埤頭鄉,養殖魚塭,15
彰化縣埤頭鄉,休閒農場,2
彰化縣溪州鄉,農糧作物,15821
彰化縣溪州鄉,潛在可供農業使用,1961
彰化縣溪州鄉,農水路使用,1422
彰化縣溪州鄉,河川及水利設施,253
彰化縣溪州鄉,工廠,264
彰化縣溪州鄉,道路或道路設施,630
彰化縣溪州鄉,其他建築使用,1385
彰化縣溪州鄉,畜牧使用,177
彰化縣溪州鄉,林業使用,235
彰化縣溪州鄉,農舍,87
彰化縣溪州鄉,養殖魚塭,4
彰化縣溪州鄉,公共及公用設施,97
彰化縣溪州鄉,休閒農場,28
彰化縣二林鎮,農糧作物,19058
彰化縣二林鎮,農水路使用,1309
彰化縣二林鎮,潛在可供農業使用,2308
彰化縣二林鎮,河川及水利設施,368
彰化縣二林鎮,其他建築使用,1312
彰化縣二林鎮,道路或道路設施,709
彰化縣二林鎮,畜牧使用,465
彰化縣二林鎮,林業使用,373
彰化縣二林鎮,工廠,250
彰化縣二林鎮,休閒農場,24
彰化縣二林鎮,養殖魚塭,162
彰化縣二林鎮,公共及公用設施,54
彰化縣二林鎮,農舍,33
彰化縣芳苑鄉,農糧作物,14682
彰化縣芳苑鄉,畜牧使用,1024
彰化縣芳苑鄉,潛在可供農業使用,3652
彰化縣芳苑鄉,其他建築使用,1364
彰化縣芳苑鄉,河川及水利設施,777
彰化縣芳苑鄉,林業使用,402
彰化縣芳苑鄉,道路或道路設施,838
彰化縣芳苑鄉,農水路使用,1659
彰化縣芳苑鄉,工廠,196
彰化縣芳苑鄉,公共及公用設施,76
彰化縣芳苑鄉,農舍,174
彰化縣芳苑鄉,養殖魚塭,3315
彰化縣芳苑鄉,休閒農場,2
彰化縣大城鄉,農糧作物,11694
彰化縣大城鄉,畜牧使用,501
彰化縣大城鄉,潛在可供農業使用,1775
彰化縣大城鄉,道路或道路設施,419
彰化縣大城鄉,其他建築使用,1050
彰化縣大城鄉,林業使用,122
彰化縣大城鄉,農水路使用,2228
彰化縣大城鄉,養殖魚塭,2363
彰化縣大城鄉,工廠,81
彰化縣大城鄉,河川及水利設施,453
彰化縣大城鄉,公共及公用設施,14
彰化縣大城鄉,農舍,29
彰化縣竹塘鄉,農糧作物,9786
彰化縣竹塘鄉,農水路使用,696
彰化縣竹塘鄉,潛在可供農業使用,645
彰化縣竹塘鄉,其他建築使用,493
彰化縣竹塘鄉,畜牧使用,327
彰化縣竹塘鄉,農舍,322
彰化縣竹塘鄉,道路或道路設施,216
彰化縣竹塘鄉,河川及水利設施,97
彰化縣竹塘鄉,工廠,54
彰化縣竹塘鄉,公共及公用設施,31
彰化縣竹塘鄉,養殖魚塭,127
彰化縣竹塘鄉,林業使用,137
彰化縣埔鹽鄉,農舍,2324
彰化縣埔鹽鄉,農糧作物,10960
彰化縣埔鹽鄉,道路或道路設施,655
彰化縣埔鹽鄉,其他建築使用,1050
彰化縣埔鹽鄉,潛在可供農業使用,1065
彰化縣埔鹽鄉,工廠,534
彰化縣埔鹽鄉,農水路使用,1574
彰化縣埔鹽鄉,林業使用,148
彰化縣埔鹽鄉,畜牧使用,183
彰化縣埔鹽鄉,公共及公用設施,37
彰化縣埔鹽鄉,養殖魚塭,57
彰化縣埔鹽鄉,河川及水利設施,214
彰化縣埔鹽鄉,休閒農場,2
彰化縣溪湖鎮,農糧作物,8623
彰化縣溪湖鎮,潛在可供農業使用,1214
彰化縣溪湖鎮,其他建築使用,2446
彰化縣溪湖鎮,農舍,688
彰化縣溪湖鎮,農水路使用,1125
彰化縣溪湖鎮,工廠,691
彰化縣溪湖鎮,公共及公用設施,68
彰化縣溪湖鎮,林業使用,381
彰化縣溪湖鎮,畜牧使用,75
彰化縣溪湖鎮,道路或道路設施,628
彰化縣溪湖鎮,河川及水利設施,101
彰化縣溪湖鎮,養殖魚塭,3
彰化縣埔心鄉,農水路使用,535
彰化縣埔心鄉,河川及水利設施,387
彰化縣埔心鄉,其他建築使用,2395
彰化縣埔心鄉,潛在可供農業使用,1302
彰化縣埔心鄉,農糧作物,5386
彰化縣埔心鄉,工廠,986
彰化縣埔心鄉,農舍,329
彰化縣埔心鄉,林業使用,649
彰化縣埔心鄉,道路或道路設施,1584
彰化縣埔心鄉,公共及公用設施,77
彰化縣埔心鄉,畜牧使用,53
彰化縣埔心鄉,養殖魚塭,2
彰化縣埔心鄉,休閒農場,3
新竹市新竹市,農糧作物,10820
新竹市新竹市,河川及水利設施,1294
新竹市新竹市,農水路使用,905
新竹市新竹市,潛在可供農業使用,5262
新竹市新竹市,其他建築使用,8025
新竹市新竹市,農舍,693
新竹市新竹市,道路或道路設施,2165
新竹市新竹市,工廠,1736
新竹市新竹市,公共及公用設施,402
新竹市新竹市,林業使用,5648
新竹市新竹市,畜牧使用,94
新竹市新竹市,養殖魚塭,7
雲林縣斗六市,農糧作物,21842
雲林縣斗六市,道路或道路設施,1754
雲林縣斗六市,其他建築使用,5266
雲林縣斗六市,潛在可供農業使用,4174
雲林縣斗六市,林業使用,1802
雲林縣斗六市,河川及水利設施,1213
雲林縣斗六市,工廠,518
雲林縣斗六市,農水路使用,2685
雲林縣斗六市,畜牧使用,184
雲林縣斗六市,農舍,423
雲林縣斗六市,公共及公用設施,153
雲林縣斗六市,養殖魚塭,94
雲林縣斗六市,休閒農場,6
雲林縣古坑鄉,其他建築使用,2235
雲林縣古坑鄉,潛在可供農業使用,6022
雲林縣古坑鄉,農糧作物,19179
雲林縣古坑鄉,林業使用,5070
雲林縣古坑鄉,河川及水利設施,431
雲林縣古坑鄉,工廠,176
雲林縣古坑鄉,農水路使用,650
雲林縣古坑鄉,道路或道路設施,1126
雲林縣古坑鄉,公共及公用設施,60
雲林縣古坑鄉,農舍,59
雲林縣古坑鄉,畜牧使用,130
雲林縣古坑鄉,休閒農場,8
雲林縣古坑鄉,養殖魚塭,1
雲林縣莿桐鄉,其他建築使用,2164
雲林縣莿桐鄉,農糧作物,14931
雲林縣莿桐鄉,道路或道路設施,477
雲林縣莿桐鄉,農水路使用,2128
雲林縣莿桐鄉,潛在可供農業使用,1216
雲林縣莿桐鄉,養殖魚塭,9
雲林縣莿桐鄉,林業使用,244
雲林縣莿桐鄉,河川及水利設施,209
雲林縣莿桐鄉,工廠,274
雲林縣莿桐鄉,農舍,115
雲林縣莿桐鄉,畜牧使用,112
雲林縣莿桐鄉,公共及公用設施,40
雲林縣林內鄉,河川及水利設施,202
雲林縣林內鄉,潛在可供農業使用,1350
雲林縣林內鄉,道路或道路設施,610
雲林縣林內鄉,農糧作物,8349
雲林縣林內鄉,其他建築使用,1348
雲林縣林內鄉,林業使用,1341
雲林縣林內鄉,農水路使用,1392
雲林縣林內鄉,工廠,107
雲林縣林內鄉,公共及公用設施,64
雲林縣林內鄉,畜牧使用,87
雲林縣林內鄉,農舍,63
雲林縣林內鄉,休閒農場,3
雲林縣斗南鎮,其他建築使用,1873
雲林縣斗南鎮,農舍,100
雲林縣斗南鎮,工廠,404
雲林縣斗南鎮,潛在可供農業使用,2594
雲林縣斗南鎮,農糧作物,17693
雲林縣斗南鎮,道路或道路設施,884
雲林縣斗南鎮,農水路使用,1403
雲林縣斗南鎮,畜牧使用,292
雲林縣斗南鎮,養殖魚塭,39
雲林縣斗南鎮,河川及水利設施,799
雲林縣斗南鎮,林業使用,104
雲林縣斗南鎮,公共及公用設施,86
雲林縣大埤鄉,農糧作物,15518
雲林縣大埤鄉,其他建築使用,1307
雲林縣大埤鄉,農水路使用,1345
雲林縣大埤鄉,工廠,222
雲林縣大埤鄉,潛在可供農業使用,1248
雲林縣大埤鄉,河川及水利設施,1025
雲林縣大埤鄉,道路或道路設施,481
雲林縣大埤鄉,農舍,65
雲林縣大埤鄉,畜牧使用,371
雲林縣大埤鄉,公共及公用設施,12
雲林縣大埤鄉,養殖魚塭,15
雲林縣大埤鄉,林業使用,22
雲林縣西螺鎮,農糧作物,14424
雲林縣西螺鎮,畜牧使用,253
雲林縣西螺鎮,其他建築使用,2250
雲林縣西螺鎮,林業使用,134
雲林縣西螺鎮,道路或道路設施,855
雲林縣西螺鎮,農水路使用,1895
雲林縣西螺鎮,潛在可供農業使用,1080
雲林縣西螺鎮,工廠,296
雲林縣西螺鎮,河川及水利設施,919
雲林縣西螺鎮,農舍,53
雲林縣西螺鎮,養殖魚塭,34
雲林縣西螺鎮,公共及公用設施,24
雲林縣二崙鄉,河川及水利設施,460
雲林縣二崙鄉,道路或道路設施,504
雲林縣二崙鄉,農水路使用,2370
雲林縣二崙鄉,潛在可供農業使用,961
雲林縣二崙鄉,農糧作物,18904
雲林縣二崙鄉,其他建築使用,2150
雲林縣二崙鄉,畜牧使用,731
雲林縣二崙鄉,工廠,102
雲林縣二崙鄉,農舍,68
雲林縣二崙鄉,養殖魚塭,56
雲林縣二崙鄉,林業使用,252
雲林縣二崙鄉,公共及公用設施,25
雲林縣崙背鄉,農糧作物,15131
雲林縣崙背鄉,其他建築使用,1499
雲林縣崙背鄉,農水路使用,2606
雲林縣崙背鄉,畜牧使用,536
雲林縣崙背鄉,潛在可供農業使用,905
雲林縣崙背鄉,工廠,99
雲林縣崙背鄉,林業使用,300
雲林縣崙背鄉,道路或道路設施,383
雲林縣崙背鄉,河川及水利設施,457
雲林縣崙背鄉,農舍,43
雲林縣崙背鄉,公共及公用設施,26
雲林縣崙背鄉,養殖魚塭,47
雲林縣虎尾鎮,農糧作物,19892
雲林縣虎尾鎮,道路或道路設施,779
雲林縣虎尾鎮,潛在可供農業使用,1574
雲林縣虎尾鎮,河川及水利設施,458
雲林縣虎尾鎮,其他建築使用,3040
雲林縣虎尾鎮,工廠,489
雲林縣虎尾鎮,農水路使用,2843
雲林縣虎尾鎮,畜牧使用,382
雲林縣虎尾鎮,農舍,185
雲林縣虎尾鎮,公共及公用設施,81
雲林縣虎尾鎮,養殖魚塭,29
雲林縣虎尾鎮,林業使用,107
雲林縣虎尾鎮,休閒農場,1
雲林縣土庫鎮,農糧作物,16601
雲林縣土庫鎮,潛在可供農業使用,932
雲林縣土庫鎮,農水路使用,2229
雲林縣土庫鎮,其他建築使用,1422
雲林縣土庫鎮,河川及水利設施,380
雲林縣土庫鎮,道路或道路設施,565
雲林縣土庫鎮,農舍,105
雲林縣土庫鎮,工廠,159
雲林縣土庫鎮,畜牧使用,351
雲林縣土庫鎮,養殖魚塭,56
雲林縣土庫鎮,公共及公用設施,14
雲林縣土庫鎮,林業使用,33
雲林縣褒忠鄉,農水路使用,1347
雲林縣褒忠鄉,潛在可供農業使用,571
雲林縣褒忠鄉,河川及水利設施,206
雲林縣褒忠鄉,農糧作物,8683
雲林縣褒忠鄉,道路或道路設施,361
雲林縣褒忠鄉,林業使用,87
雲林縣褒忠鄉,其他建築使用,1074
雲林縣褒忠鄉,畜牧使用,346
雲林縣褒忠鄉,公共及公用設施,26
雲林縣褒忠鄉,工廠,73
雲林縣褒忠鄉,農舍,42
雲林縣褒忠鄉,養殖魚塭,84
雲林縣北港鎮,農糧作物,12397
雲林縣北港鎮,工廠,275
雲林縣北港鎮,道路或道路設施,371
雲林縣北港鎮,河川及水利設施,553
雲林縣北港鎮,潛在可供農業使用,1095
雲林縣北港鎮,公共及公用設施,50
雲林縣北港鎮,林業使用,118
雲林縣北港鎮,其他建築使用,1819
雲林縣北港鎮,農舍,51
雲林縣北港鎮,農水路使用,2742
雲林縣北港鎮,畜牧使用,140
雲林縣北港鎮,養殖魚塭,7
雲林縣元長鄉,農水路使用,4642
雲林縣元長鄉,農糧作物,24248
雲林縣元長鄉,道路或道路設施,531
雲林縣元長鄉,潛在可供農業使用,1263
雲林縣元長鄉,畜牧使用,339
雲林縣元長鄉,其他建築使用,2726
雲林縣元長鄉,工廠,229
雲林縣元長鄉,公共及公用設施,41
雲林縣元長鄉,養殖魚塭,159
雲林縣元長鄉,河川及水利設施,367
雲林縣元長鄉,農舍,113
雲林縣元長鄉,林業使用,67
雲林縣四湖鄉,農糧作物,22782
雲林縣四湖鄉,農水路使用,3653
雲林縣四湖鄉,道路或道路設施,1270
雲林縣四湖鄉,潛在可供農業使用,2591
雲林縣四湖鄉,其他建築使用,3057
雲林縣四湖鄉,畜牧使用,515
雲林縣四湖鄉,養殖魚塭,813
雲林縣四湖鄉,工廠,140
雲林縣四湖鄉,河川及水利設施,439
雲林縣四湖鄉,農舍,36
雲林縣四湖鄉,林業使用,198
雲林縣四湖鄉,公共及公用設施,40
雲林縣口湖鄉,養殖魚塭,9172
雲林縣口湖鄉,潛在可供農業使用,3336
雲林縣口湖鄉,農糧作物,9822
雲林縣口湖鄉,河川及水利設施,866
雲林縣口湖鄉,農水路使用,2589
雲林縣口湖鄉,其他建築使用,3866
雲林縣口湖鄉,道路或道路設施,1003
雲林縣口湖鄉,工廠,135
雲林縣口湖鄉,畜牧使用,242
雲林縣口湖鄉,公共及公用設施,35
雲林縣口湖鄉,農舍,70
雲林縣口湖鄉,林業使用,40
雲林縣水林鄉,河川及水利設施,1051
雲林縣水林鄉,農糧作物,25528
雲林縣水林鄉,潛在可供農業使用,1966
雲林縣水林鄉,畜牧使用,389
雲林縣水林鄉,農水路使用,4673
雲林縣水林鄉,林業使用,64
雲林縣水林鄉,道路或道路設施,390
雲林縣水林鄉,工廠,213
雲林縣水林鄉,其他建築使用,2661
雲林縣水林鄉,農舍,52
雲林縣水林鄉,養殖魚塭,880
雲林縣水林鄉,公共及公用設施,15
雲林縣麥寮鄉,林業使用,743
雲林縣麥寮鄉,其他建築使用,4730
雲林縣麥寮鄉,農糧作物,13307
雲林縣麥寮鄉,潛在可供農業使用,2802
雲林縣麥寮鄉,河川及水利設施,548
雲林縣麥寮鄉,農水路使用,2275
雲林縣麥寮鄉,養殖魚塭,3706
雲林縣麥寮鄉,畜牧使用,714
雲林縣麥寮鄉,道路或道路設施,636
雲林縣麥寮鄉,工廠,617
雲林縣麥寮鄉,農舍,73
雲林縣麥寮鄉,公共及公用設施,98
雲林縣東勢鄉,農糧作物,14508
雲林縣東勢鄉,道路或道路設施,423
雲林縣東勢鄉,其他建築使用,1760
雲林縣東勢鄉,工廠,155
雲林縣東勢鄉,潛在可供農業使用,1816
雲林縣東勢鄉,河川及水利設施,323
雲林縣東勢鄉,畜牧使用,466
雲林縣東勢鄉,公共及公用設施,23
雲林縣東勢鄉,林業使用,161
雲林縣東勢鄉,養殖魚塭,161
雲林縣東勢鄉,農水路使用,2966
雲林縣東勢鄉,農舍,25
雲林縣台西鄉,農糧作物,12879
雲林縣台西鄉,潛在可供農業使用,2775
雲林縣台西鄉,道路或道路設施,675
雲林縣台西鄉,其他建築使用,2553
雲林縣台西鄉,農舍,57
雲林縣台西鄉,工廠,128
雲林縣台西鄉,公共及公用設施,25
雲林縣台西鄉,養殖魚塭,4228
雲林縣台西鄉,農水路使用,2792
雲林縣台西鄉,河川及水利設施,597
雲林縣台西鄉,畜牧使用,281
雲林縣台西鄉,林業使用,143
嘉義縣朴子市,潛在可供農業使用,1446
嘉義縣朴子市,農糧作物,11266
嘉義縣朴子市,農水路使用,2233
嘉義縣朴子市,道路或道路設施,470
嘉義縣朴子市,河川及水利設施,498
嘉義縣朴子市,林業使用,70
嘉義縣朴子市,工廠,192
嘉義縣朴子市,其他建築使用,1230
嘉義縣朴子市,農舍,104
嘉義縣朴子市,畜牧使用,279
嘉義縣朴子市,公共及公用設施,79
嘉義縣朴子市,養殖魚塭,345
嘉義縣布袋鎮,農水路使用,1918
嘉義縣布袋鎮,河川及水利設施,734
嘉義縣布袋鎮,農糧作物,5506
嘉義縣布袋鎮,其他建築使用,1374
嘉義縣布袋鎮,潛在可供農業使用,2197
嘉義縣布袋鎮,道路或道路設施,1193
嘉義縣布袋鎮,養殖魚塭,5675
嘉義縣布袋鎮,工廠,114
嘉義縣布袋鎮,畜牧使用,119
嘉義縣布袋鎮,林業使用,42
嘉義縣布袋鎮,農舍,52
嘉義縣布袋鎮,公共及公用設施,12
嘉義縣六腳鄉,農水路使用,2397
嘉義縣六腳鄉,農糧作物,16093
嘉義縣六腳鄉,其他建築使用,1426
嘉義縣六腳鄉,潛在可供農業使用,3817
嘉義縣六腳鄉,河川及水利設施,2000
嘉義縣六腳鄉,道路或道路設施,543
嘉義縣六腳鄉,畜牧使用,198
嘉義縣六腳鄉,工廠,205
嘉義縣六腳鄉,林業使用,231
嘉義縣六腳鄉,農舍,64
嘉義縣六腳鄉,公共及公用設施,27
嘉義縣六腳鄉,養殖魚塭,187
嘉義縣東石鄉,農糧作物,7489
嘉義縣東石鄉,農水路使用,2433
嘉義縣東石鄉,其他建築使用,1948
嘉義縣東石鄉,養殖魚塭,4764
嘉義縣東石鄉,潛在可供農業使用,4248
嘉義縣東石鄉,道路或道路設施,774
嘉義縣東石鄉,河川及水利設施,1973
嘉義縣東石鄉,畜牧使用,118
嘉義縣東石鄉,工廠,131
嘉義縣東石鄉,農舍,28
嘉義縣東石鄉,林業使用,284
嘉義縣東石鄉,公共及公用設施,23
嘉義縣義竹鄉,農糧作物,11621
嘉義縣義竹鄉,潛在可供農業使用,3953
嘉義縣義竹鄉,河川及水利設施,1117
嘉義縣義竹鄉,其他建築使用,939
嘉義縣義竹鄉,林業使用,54
嘉義縣義竹鄉,道路或道路設施,694
嘉義縣義竹鄉,養殖魚塭,5912
嘉義縣義竹鄉,工廠,90
嘉義縣義竹鄉,農水路使用,2190
嘉義縣義竹鄉,農舍,45
嘉義縣義竹鄉,畜牧使用,226
嘉義縣義竹鄉,公共及公用設施,12
嘉義縣大林鎮,河川及水利設施,639
嘉義縣大林鎮,農糧作物,10465
嘉義縣大林鎮,潛在可供農業使用,3117
嘉義縣大林鎮,林業使用,710
嘉義縣大林鎮,道路或道路設施,647
嘉義縣大林鎮,畜牧使用,295
嘉義縣大林鎮,其他建築使用,1288
嘉義縣大林鎮,農舍,50
嘉義縣大林鎮,工廠,157
嘉義縣大林鎮,農水路使用,810
嘉義縣大林鎮,公共及公用設施,93
嘉義縣大林鎮,養殖魚塭,13
嘉義縣民雄鄉,農糧作物,16284
嘉義縣民雄鄉,河川及水利設施,838
嘉義縣民雄鄉,其他建築使用,3402
嘉義縣民雄鄉,道路或道路設施,1045
嘉義縣民雄鄉,畜牧使用,333
嘉義縣民雄鄉,潛在可供農業使用,3337
嘉義縣民雄鄉,農水路使用,752
嘉義縣民雄鄉,工廠,387
嘉義縣民雄鄉,農舍,124
嘉義縣民雄鄉,林業使用,1169
嘉義縣民雄鄉,養殖魚塭,101
嘉義縣民雄鄉,公共及公用設施,37
嘉義縣民雄鄉,休閒農場,1
嘉義縣溪口鄉,河川及水利設施,1159
嘉義縣溪口鄉,農糧作物,9659
嘉義縣溪口鄉,其他建築使用,833
嘉義縣溪口鄉,道路或道路設施,418
嘉義縣溪口鄉,潛在可供農業使用,1940
嘉義縣溪口鄉,農水路使用,679
嘉義縣溪口鄉,畜牧使用,184
嘉義縣溪口鄉,工廠,170
嘉義縣溪口鄉,農舍,43
嘉義縣溪口鄉,林業使用,142
嘉義縣溪口鄉,養殖魚塭,12
嘉義縣溪口鄉,公共及公用設施,13
嘉義縣新港鄉,河川及水利設施,1232
嘉義縣新港鄉,道路或道路設施,546
嘉義縣新港鄉,其他建築使用,1409
嘉義縣新港鄉,農糧作物,16432
嘉義縣新港鄉,畜牧使用,290
嘉義縣新港鄉,養殖魚塭,38
嘉義縣新港鄉,農舍,69
嘉義縣新港鄉,農水路使用,2427
嘉義縣新港鄉,潛在可供農業使用,2114
嘉義縣新港鄉,林業使用,116
嘉義縣新港鄉,工廠,245
嘉義縣新港鄉,公共及公用設施,16
嘉義縣鹿草鄉,農水路使用,1774
嘉義縣鹿草鄉,農糧作物,12956
嘉義縣鹿草鄉,潛在可供農業使用,1914
嘉義縣鹿草鄉,其他建築使用,1062
嘉義縣鹿草鄉,河川及水利設施,781
嘉義縣鹿草鄉,養殖魚塭,205
嘉義縣鹿草鄉,工廠,101
嘉義縣鹿草鄉,道路或道路設施,544
嘉義縣鹿草鄉,林業使用,122
嘉義縣鹿草鄉,農舍,20
嘉義縣鹿草鄉,畜牧使用,127
嘉義縣鹿草鄉,公共及公用設施,50
嘉義縣鹿草鄉,工廠使用,1
嘉義縣太保市,道路或道路設施,943
嘉義縣太保市,其他建築使用,1058
嘉義縣太保市,潛在可供農業使用,1860
嘉義縣太保市,農水路使用,1525
嘉義縣太保市,農糧作物,12645
嘉義縣太保市,河川及水利設施,641
嘉義縣太保市,林業使用,227
嘉義縣太保市,公共及公用設施,40
嘉義縣太保市,農舍,124
嘉義縣太保市,工廠,558
嘉義縣太保市,畜牧使用,135
嘉義縣太保市,養殖魚塭,94
嘉義縣水上鄉,道路或道路設施,808
嘉義縣水上鄉,農水路使用,749
嘉義縣水上鄉,潛在可供農業使用,5111
嘉義縣水上鄉,工廠,691
嘉義縣水上鄉,河川及水利設施,877
嘉義縣水上鄉,其他建築使用,2478
嘉義縣水上鄉,農糧作物,10174
嘉義縣水上鄉,農舍,88
嘉義縣水上鄉,林業使用,1022
嘉義縣水上鄉,畜牧使用,122
嘉義縣水上鄉,公共及公用設施,84
嘉義縣水上鄉,養殖魚塭,9
嘉義縣中埔鄉,農糧作物,16778
嘉義縣中埔鄉,潛在可供農業使用,5617
嘉義縣中埔鄉,其他建築使用,2726
嘉義縣中埔鄉,畜牧使用,132
嘉義縣中埔鄉,道路或道路設施,901
嘉義縣中埔鄉,工廠,435
嘉義縣中埔鄉,林業使用,1171
嘉義縣中埔鄉,河川及水利設施,725
嘉義縣中埔鄉,農舍,112
嘉義縣中埔鄉,農水路使用,524
嘉義縣中埔鄉,公共及公用設施,65
嘉義縣中埔鄉,養殖魚塭,19
嘉義縣中埔鄉,休閒農場,10
嘉義縣大埔鄉,農水路使用,165
嘉義縣大埔鄉,潛在可供農業使用,788
嘉義縣大埔鄉,農糧作物,1246
嘉義縣大埔鄉,林業使用,3553
嘉義縣大埔鄉,其他建築使用,298
嘉義縣大埔鄉,道路或道路設施,260
嘉義縣大埔鄉,工廠,5
嘉義縣大埔鄉,公共及公用設施,33
嘉義縣大埔鄉,河川及水利設施,63
嘉義縣竹崎鄉,河川及水利設施,524
嘉義縣竹崎鄉,畜牧使用,114
嘉義縣竹崎鄉,農糧作物,18641
嘉義縣竹崎鄉,潛在可供農業使用,4922
嘉義縣竹崎鄉,其他建築使用,2220
嘉義縣竹崎鄉,農舍,43
嘉義縣竹崎鄉,林業使用,2832
嘉義縣竹崎鄉,道路或道路設施,595
嘉義縣竹崎鄉,工廠,257
嘉義縣竹崎鄉,公共及公用設施,42
嘉義縣竹崎鄉,農水路使用,160
嘉義縣竹崎鄉,休閒農場,1
嘉義縣竹崎鄉,養殖魚塭,29
嘉義縣梅山鄉,農糧作物,11831
嘉義縣梅山鄉,潛在可供農業使用,4202
嘉義縣梅山鄉,其他建築使用,1114
嘉義縣梅山鄉,道路或道路設施,466
嘉義縣梅山鄉,河川及水利設施,142
嘉義縣梅山鄉,林業使用,4222
嘉義縣梅山鄉,公共及公用設施,21
嘉義縣梅山鄉,畜牧使用,15
嘉義縣梅山鄉,工廠,84
嘉義縣梅山鄉,農舍,4
嘉義縣梅山鄉,農水路使用,6
嘉義縣番路鄉,農糧作物,6763
嘉義縣番路鄉,林業使用,2795
嘉義縣番路鄉,潛在可供農業使用,1976
嘉義縣番路鄉,道路或道路設施,310
嘉義縣番路鄉,其他建築使用,1146
嘉義縣番路鄉,河川及水利設施,245
嘉義縣番路鄉,畜牧使用,14
嘉義縣番路鄉,工廠,83
嘉義縣番路鄉,公共及公用設施,49
嘉義縣番路鄉,農舍,2
嘉義縣番路鄉,休閒農場,4
嘉義縣番路鄉,農水路使用,3
嘉義縣阿里山鄉,農糧作物,1516
嘉義縣阿里山鄉,林業使用,5278
嘉義縣阿里山鄉,潛在可供農業使用,657
嘉義縣阿里山鄉,其他建築使用,304
嘉義縣阿里山鄉,工廠,8
嘉義縣阿里山鄉,道路或道路設施,35
嘉義縣阿里山鄉,河川及水利設施,82
嘉義縣阿里山鄉,公共及公用設施,5
嘉義縣阿里山鄉,農水路使用,2
臺南市新營區,潛在可供農業使用,1118
臺南市新營區,農糧作物,9057
臺南市新營區,道路或道路設施,860
臺南市新營區,林業使用,203
臺南市新營區,河川及水利設施,659
臺南市新營區,農舍,91
臺南市新營區,公共及公用設施,76
臺南市新營區,其他建築使用,1152
臺南市新營區,工廠,416
臺南市新營區,養殖魚塭,165
臺南市新營區,畜牧使用,110
臺南市新營區,農水路使用,1127
臺南市鹽水區,河川及水利設施,1805
臺南市鹽水區,農糧作物,16415
臺南市鹽水區,道路或道路設施,969
臺南市鹽水區,林業使用,214
臺南市鹽水區,潛在可供農業使用,2287
臺南市鹽水區,其他建築使用,1311
臺南市鹽水區,養殖魚塭,1229
臺南市鹽水區,工廠,261
臺南市鹽水區,農舍,62
臺南市鹽水區,畜牧使用,273
臺南市鹽水區,農水路使用,3460
臺南市鹽水區,公共及公用設施,46
臺南市柳營區,農水路使用,2697
臺南市柳營區,農糧作物,12112
臺南市柳營區,河川及水利設施,764
臺南市柳營區,潛在可供農業使用,2559
臺南市柳營區,道路或道路設施,1081
臺南市柳營區,其他建築使用,1431
臺南市柳營區,工廠,267
臺南市柳營區,畜牧使用,372
臺南市柳營區,公共及公用設施,38
臺南市柳營區,養殖魚塭,299
臺南市柳營區,農舍,122
臺南市柳營區,林業使用,874
臺南市柳營區,休閒農場,35
臺南市白河區,農糧作物,17620
臺南市白河區,潛在可供農業使用,3827
臺南市白河區,其他建築使用,1725
臺南市白河區,河川及水利設施,753
臺南市白河區,道路或道路設施,1019
臺南市白河區,公共及公用設施,102
臺南市白河區,工廠,171
臺南市白河區,養殖魚塭,128
臺南市白河區,林業使用,6052
臺南市白河區,農水路使用,2411
臺南市白河區,農舍,121
臺南市白河區,畜牧使用,379
臺南市白河區,休閒農場,13
臺南市後壁區,河川及水利設施,1476
臺南市後壁區,其他建築使用,1064
臺南市後壁區,農糧作物,21492
臺南市後壁區,潛在可供農業使用,2441
臺南市後壁區,工廠,189
臺南市後壁區,林業使用,612
臺南市後壁區,農水路使用,3723
臺南市後壁區,道路或道路設施,845
臺南市後壁區,公共及公用設施,27
臺南市後壁區,農舍,91
臺南市後壁區,畜牧使用,232
臺南市後壁區,養殖魚塭,157
臺南市東山區,農糧作物,17404
臺南市東山區,河川及水利設施,856
臺南市東山區,潛在可供農業使用,3677
臺南市東山區,林業使用,4154
臺南市東山區,其他建築使用,1173
臺南市東山區,畜牧使用,57
臺南市東山區,公共及公用設施,339
臺南市東山區,農水路使用,1195
臺南市東山區,道路或道路設施,752
臺南市東山區,工廠,106
臺南市東山區,養殖魚塭,108
臺南市東山區,農舍,63
臺南市東山區,休閒農場,47
臺南市麻豆區,農糧作物,15556
臺南市麻豆區,其他建築使用,2966
臺南市麻豆區,農水路使用,1512
臺南市麻豆區,公共及公用設施,109
臺南市麻豆區,道路或道路設施,2723
臺南市麻豆區,河川及水利設施,1541
臺南市麻豆區,潛在可供農業使用,2689
臺南市麻豆區,養殖魚塭,2004
臺南市麻豆區,工廠,539
臺南市麻豆區,畜牧使用,283
臺南市麻豆區,林業使用,178
臺南市麻豆區,農舍,170
臺南市麻豆區,休閒農場,1
臺南市下營區,道路或道路設施,528
臺南市下營區,農糧作物,10410
臺南市下營區,潛在可供農業使用,1340
臺南市下營區,農水路使用,1844
臺南市下營區,河川及水利設施,320
臺南市下營區,其他建築使用,1018
臺南市下營區,工廠,149
臺南市下營區,養殖魚塭,1026
臺南市下營區,農舍,65
臺南市下營區,林業使用,105
臺南市下營區,畜牧使用,481
臺南市下營區,公共及公用設施,34
臺南市六甲區,農糧作物,8527
臺南市六甲區,林業使用,1154
臺南市六甲區,其他建築使用,1666
臺南市六甲區,潛在可供農業使用,2032
臺南市六甲區,道路或道路設施,988
臺南市六甲區,農水路使用,1315
臺南市六甲區,公共及公用設施,37
臺南市六甲區,河川及水利設施,444
臺南市六甲區,養殖魚塭,970
臺南市六甲區,畜牧使用,266
臺南市六甲區,工廠,212
臺南市六甲區,農舍,60
臺南市官田區,河川及水利設施,1082
臺南市官田區,養殖魚塭,562
臺南市官田區,農糧作物,13455
臺南市官田區,潛在可供農業使用,3609
臺南市官田區,道路或道路設施,1660
臺南市官田區,農舍,76
臺南市官田區,其他建築使用,2860
臺南市官田區,林業使用,1301
臺南市官田區,工廠,337
臺南市官田區,畜牧使用,269
臺南市官田區,公共及公用設施,158
臺南市官田區,農水路使用,928
臺南市官田區,休閒農場,3
臺南市大內區,潛在可供農業使用,3089
臺南市大內區,林業使用,2573
臺南市大內區,道路或道路設施,458
臺南市大內區,農糧作物,7003
臺南市大內區,農舍,19
臺南市大內區,其他建築使用,699
臺南市大內區,公共及公用設施,128
臺南市大內區,畜牧使用,43
臺南市大內區,農水路使用,41
臺南市大內區,河川及水利設施,558
臺南市大內區,工廠,57
臺南市大內區,養殖魚塭,27
臺南市大內區,休閒農場,13
臺南市佳里區,其他建築使用,1269
臺南市佳里區,農糧作物,12946
臺南市佳里區,林業使用,221
臺南市佳里區,工廠,411
臺南市佳里區,道路或道路設施,898
臺南市佳里區,潛在可供農業使用,1685
臺南市佳里區,農舍,94
臺南市佳里區,河川及水利設施,535
臺南市佳里區,養殖魚塭,376
臺南市佳里區,公共及公用設施,66
臺南市佳里區,農水路使用,2971
臺南市佳里區,畜牧使用,171
臺南市佳里區,休閒農場,1
臺南市西港區,農水路使用,2071
臺南市西港區,潛在可供農業使用,1239
臺南市西港區,農糧作物,10198
臺南市西港區,道路或道路設施,593
臺南市西港區,其他建築使用,974
臺南市西港區,工廠,494
臺南市西港區,河川及水利設施,432
臺南市西港區,農舍,95
臺南市西港區,公共及公用設施,42
臺南市西港區,畜牧使用,153
臺南市西港區,林業使用,73
臺南市西港區,養殖魚塭,302
臺南市七股區,養殖魚塭,4303
臺南市七股區,潛在可供農業使用,2648
臺南市七股區,其他建築使用,1334
臺南市七股區,農水路使用,1934
臺南市七股區,河川及水利設施,719
臺南市七股區,農糧作物,9625
臺南市七股區,林業使用,59
臺南市七股區,道路或道路設施,895
臺南市七股區,工廠,349
臺南市七股區,農舍,67
臺南市七股區,畜牧使用,148
臺南市七股區,公共及公用設施,33
臺南市七股區,休閒農場,2
臺南市將軍區,農水路使用,1825
臺南市將軍區,道路或道路設施,755
臺南市將軍區,林業使用,94
臺南市將軍區,養殖魚塭,1444
臺南市將軍區,潛在可供農業使用,1311
臺南市將軍區,其他建築使用,860
臺南市將軍區,農糧作物,10659
臺南市將軍區,河川及水利設施,633
臺南市將軍區,工廠,168
臺南市將軍區,畜牧使用,125
臺南市將軍區,農舍,36
臺南市將軍區,公共及公用設施,16
臺南市北門區,河川及水利設施,909
臺南市北門區,養殖魚塭,3599
臺南市北門區,潛在可供農業使用,1500
臺南市北門區,工廠,53
臺南市北門區,道路或道路設施,599
臺南市北門區,其他建築使用,614
臺南市北門區,林業使用,39
臺南市北門區,農糧作物,3532
臺南市北門區,畜牧使用,96
臺南市北門區,農舍,23
臺南市北門區,公共及公用設施,18
臺南市北門區,農水路使用,583
臺南市學甲區,養殖魚塭,4442
臺南市學甲區,潛在可供農業使用,3408
臺南市學甲區,道路或道路設施,1634
臺南市學甲區,河川及水利設施,2119
臺南市學甲區,農糧作物,9763
臺南市學甲區,其他建築使用,1164
臺南市學甲區,工廠,244
臺南市學甲區,畜牧使用,164
臺南市學甲區,農舍,33
臺南市學甲區,農水路使用,1917
臺南市學甲區,林業使用,92
臺南市學甲區,公共及公用設施,42
臺南市新化區,道路或道路設施,644
臺南市新化區,公共及公用設施,577
臺南市新化區,其他建築使用,2645
臺南市新化區,工廠,636
臺南市新化區,畜牧使用,132
臺南市新化區,農糧作物,8078
臺南市新化區,林業使用,3950
臺南市新化區,潛在可供農業使用,5240
臺南市新化區,農水路使用,1242
臺南市新化區,河川及水利設施,389
臺南市新化區,養殖魚塭,96
臺南市新化區,農舍,238
臺南市新化區,休閒農場,1
臺南市善化區,潛在可供農業使用,2961
臺南市善化區,其他建築使用,1742
臺南市善化區,河川及水利設施,886
臺南市善化區,道路或道路設施,1117
臺南市善化區,農糧作物,11641
臺南市善化區,農水路使用,1883
臺南市善化區,工廠,383
臺南市善化區,農舍,170
臺南市善化區,公共及公用設施,58
臺南市善化區,畜牧使用,191
臺南市善化區,林業使用,366
臺南市善化區,養殖魚塭,79
臺南市新市區,農糧作物,9460
臺南市新市區,潛在可供農業使用,3163
臺南市新市區,道路或道路設施,1128
臺南市新市區,其他建築使用,1738
臺南市新市區,工廠,574
臺南市新市區,農舍,131
臺南市新市區,農水路使用,1236
臺南市新市區,河川及水利設施,1236
臺南市新市區,養殖魚塭,242
臺南市新市區,林業使用,302
臺南市新市區,畜牧使用,85
臺南市新市區,公共及公用設施,69
臺南市安定區,農糧作物,8153
臺南市安定區,農水路使用,1333
臺南市安定區,河川及水利設施,284
臺南市安定區,潛在可供農業使用,1252
臺南市安定區,道路或道路設施,683
臺南市安定區,養殖魚塭,309
臺南市安定區,畜牧使用,82
臺南市安定區,其他建築使用,1162
臺南市安定區,工廠,1027
臺南市安定區,農舍,130
臺南市安定區,公共及公用設施,45
臺南市安定區,林業使用,77
臺南市山上區,農糧作物,3365
臺南市山上區,潛在可供農業使用,1643
臺南市山上區,林業使用,637
臺南市山上區,工廠,109
臺南市山上區,畜牧使用,48
臺南市山上區,其他建築使用,424
臺南市山上區,道路或道路設施,333
臺南市山上區,農水路使用,6
臺南市山上區,河川及水利設施,598
臺南市山上區,公共及公用設施,23
臺南市山上區,養殖魚塭,3
臺南市山上區,農舍,7
臺南市左鎮區,農糧作物,4150
臺南市左鎮區,潛在可供農業使用,3130
臺南市左鎮區,養殖魚塭,30
臺南市左鎮區,林業使用,5374
臺南市左鎮區,其他建築使用,595
臺南市左鎮區,道路或道路設施,163
臺南市左鎮區,畜牧使用,45
臺南市左鎮區,河川及水利設施,105
臺南市左鎮區,工廠,23
臺南市左鎮區,農水路使用,38
臺南市左鎮區,公共及公用設施,22
臺南市左鎮區,農舍,4
臺南市左鎮區,休閒農場,7
臺南市仁德區,潛在可供農業使用,3584
臺南市仁德區,道路或道路設施,2009
臺南市仁德區,林業使用,687
臺南市仁德區,農糧作物,6415
臺南市仁德區,其他建築使用,3404
臺南市仁德區,工廠,1865
臺南市仁德區,河川及水利設施,732
臺南市仁德區,公共及公用設施,234
臺南市仁德區,農水路使用,136
臺南市仁德區,養殖魚塭,777
臺南市仁德區,畜牧使用,76
臺南市仁德區,農舍,86
臺南市歸仁區,林業使用,1620
臺南市歸仁區,潛在可供農業使用,3403
臺南市歸仁區,道路或道路設施,734
臺南市歸仁區,農糧作物,8424
臺南市歸仁區,其他建築使用,1530
臺南市歸仁區,工廠,996
臺南市歸仁區,農水路使用,703
臺南市歸仁區,農舍,192
臺南市歸仁區,河川及水利設施,412
臺南市歸仁區,畜牧使用,241
臺南市歸仁區,養殖魚塭,147
臺南市歸仁區,公共及公用設施,91
臺南市關廟區,其他建築使用,2078
臺南市關廟區,林業使用,3689
臺南市關廟區,農糧作物,5519
臺南市關廟區,潛在可供農業使用,4662
臺南市關廟區,畜牧使用,149
臺南市關廟區,道路或道路設施,360
臺南市關廟區,養殖魚塭,231
臺南市關廟區,工廠,637
臺南市關廟區,農舍,65
臺南市關廟區,公共及公用設施,132
臺南市關廟區,河川及水利設施,261
臺南市關廟區,農水路使用,54
臺南市龍崎區,林業使用,7970
臺南市龍崎區,潛在可供農業使用,1593
臺南市龍崎區,其他建築使用,626
臺南市龍崎區,道路或道路設施,214
臺南市龍崎區,農糧作物,1478
臺南市龍崎區,公共及公用設施,46
臺南市龍崎區,工廠,37
臺南市龍崎區,畜牧使用,69
臺南市龍崎區,河川及水利設施,53
臺南市龍崎區,養殖魚塭,28
臺南市龍崎區,農水路使用,62
臺南市龍崎區,農舍,1
臺南市龍崎區,休閒農場,37
臺南市玉井區,潛在可供農業使用,2157
臺南市玉井區,農糧作物,8756
臺南市玉井區,其他建築使用,666
臺南市玉井區,林業使用,2530
臺南市玉井區,河川及水利設施,236
臺南市玉井區,道路或道路設施,348
臺南市玉井區,畜牧使用,39
臺南市玉井區,農水路使用,210
臺南市玉井區,工廠,28
臺南市玉井區,公共及公用設施,39
臺南市玉井區,農舍,21
臺南市楠西區,河川及水利設施,261
臺南市楠西區,農糧作物,7810
臺南市楠西區,林業使用,2597
臺南市楠西區,其他建築使用,660
臺南市楠西區,道路或道路設施,268
臺南市楠西區,潛在可供農業使用,2313
臺南市楠西區,農舍,10
臺南市楠西區,工廠,26
臺南市楠西區,農水路使用,18
臺南市楠西區,公共及公用設施,24
臺南市楠西區,畜牧使用,45
臺南市楠西區,養殖魚塭,2
臺南市南化區,農糧作物,9595
臺南市南化區,潛在可供農業使用,2807
臺南市南化區,其他建築使用,705
臺南市南化區,林業使用,2346
臺南市南化區,道路或道路設施,228
臺南市南化區,河川及水利設施,216
臺南市南化區,畜牧使用,64
臺南市南化區,農水路使用,266
臺南市南化區,公共及公用設施,19
臺南市南化區,養殖魚塭,1
臺南市南化區,農舍,1
臺南市南化區,工廠,14
臺南市永康區,農糧作物,3987
臺南市永康區,河川及水利設施,705
臺南市永康區,其他建築使用,1649
臺南市永康區,潛在可供農業使用,1628
臺南市永康區,道路或道路設施,769
臺南市永康區,工廠,989
臺南市永康區,農舍,68
臺南市永康區,公共及公用設施,103
臺南市永康區,林業使用,80
臺南市永康區,養殖魚塭,26
臺南市永康區,畜牧使用,22
臺南市永康區,農水路使用,80
屏東縣屏東市,農糧作物,6452
屏東縣屏東市,道路或道路設施,778
屏東縣屏東市,河川及水利設施,245
屏東縣屏東市,潛在可供農業使用,1327
屏東縣屏東市,其他建築使用,2125
屏東縣屏東市,工廠,795
屏東縣屏東市,公共及公用設施,122
屏東縣屏東市,養殖魚塭,300
屏東縣屏東市,農舍,154
屏東縣屏東市,農水路使用,607
屏東縣屏東市,畜牧使用,231
屏東縣屏東市,林業使用,395
屏東縣萬丹鄉,其他建築使用,2317
屏東縣萬丹鄉,河川及水利設施,845
屏東縣萬丹鄉,農糧作物,10818
屏東縣萬丹鄉,道路或道路設施,1226
屏東縣萬丹鄉,潛在可供農業使用,1897
屏東縣萬丹鄉,農舍,257
屏東縣萬丹鄉,林業使用,76
屏東縣萬丹鄉,養殖魚塭,1397
屏東縣萬丹鄉,工廠,1044
屏東縣萬丹鄉,農水路使用,2253
屏東縣萬丹鄉,畜牧使用,1116
屏東縣萬丹鄉,公共及公用設施,89
屏東縣萬丹鄉,休閒農場,4
屏東縣長治鄉,其他建築使用,2358
屏東縣長治鄉,農糧作物,8763
屏東縣長治鄉,道路或道路設施,1056
屏東縣長治鄉,河川及水利設施,355
屏東縣長治鄉,工廠,388
屏東縣長治鄉,潛在可供農業使用,1598
屏東縣長治鄉,公共及公用設施,107
屏東縣長治鄉,農舍,175
屏東縣長治鄉,畜牧使用,361
屏東縣長治鄉,林業使用,509
屏東縣長治鄉,養殖魚塭,180
屏東縣長治鄉,農水路使用,344
屏東縣九如鄉,養殖魚塭,1445
屏東縣九如鄉,其他建築使用,1045
屏東縣九如鄉,農糧作物,5039
屏東縣九如鄉,畜牧使用,437
屏東縣九如鄉,道路或道路設施,502
屏東縣九如鄉,工廠,207
屏東縣九如鄉,公共及公用設施,39
屏東縣九如鄉,農水路使用,750
屏東縣九如鄉,潛在可供農業使用,1346
屏東縣九如鄉,河川及水利設施,502
屏東縣九如鄉,農舍,85
屏東縣九如鄉,林業使用,211
屏東縣麟洛鄉,農糧作物,3151
屏東縣麟洛鄉,其他建築使用,1084
屏東縣麟洛鄉,潛在可供農業使用,792
屏東縣麟洛鄉,農舍,110
屏東縣麟洛鄉,道路或道路設施,653
屏東縣麟洛鄉,工廠,128
屏東縣麟洛鄉,養殖魚塭,186
屏東縣麟洛鄉,河川及水利設施,222
屏東縣麟洛鄉,農水路使用,137
屏東縣麟洛鄉,畜牧使用,178
屏東縣麟洛鄉,林業使用,69
屏東縣麟洛鄉,公共及公用設施,21
屏東縣麟洛鄉,休閒農場,1
屏東縣里港鄉,農糧作物,6658
屏東縣里港鄉,其他建築使用,1863
屏東縣里港鄉,道路或道路設施,737
屏東縣里港鄉,養殖魚塭,1934
屏東縣里港鄉,潛在可供農業使用,1867
屏東縣里港鄉,畜牧使用,341
屏東縣里港鄉,河川及水利設施,795
屏東縣里港鄉,林業使用,57
屏東縣里港鄉,工廠,214
屏東縣里港鄉,農舍,59
屏東縣里港鄉,公共及公用設施,67
屏東縣里港鄉,農水路使用,166
屏東縣里港鄉,休閒農場,6
屏東縣高樹鄉,農水路使用,373
屏東縣高樹鄉,其他建築使用,2852
屏東縣高樹鄉,農糧作物,14053
屏東縣高樹鄉,潛在可供農業使用,3483
屏東縣高樹鄉,道路或道路設施,1157
屏東縣高樹鄉,河川及水利設施,725
屏東縣高樹鄉,農舍,106
屏東縣高樹鄉,畜牧使用,325
屏東縣高樹鄉,工廠,114
屏東縣高樹鄉,公共及公用設施,64
屏東縣高樹鄉,林業使用,340
屏東縣高樹鄉,休閒農場,20
屏東縣高樹鄉,養殖魚塭,318
屏東縣三地門鄉,林業使用,8530
屏東縣三地門鄉,農糧作物,3415
屏東縣三地門鄉,其他建築使用,322
屏東縣三地門鄉,潛在可供農業使用,123
屏東縣三地門鄉,河川及水利設施,71
屏東縣三地門鄉,道路或道路設施,439
屏東縣三地門鄉,農水路使用,1
屏東縣三地門鄉,農舍,5
屏東縣三地門鄉,公共及公用設施,9
屏東縣三地門鄉,畜牧使用,8
屏東縣霧臺鄉,林業使用,5296
屏東縣霧臺鄉,潛在可供農業使用,191
屏東縣霧臺鄉,農糧作物,400
屏東縣霧臺鄉,其他建築使用,123
屏東縣霧臺鄉,道路或道路設施,198
屏東縣霧臺鄉,公共及公用設施,14
屏東縣霧臺鄉,河川及水利設施,52
屏東縣鹽埔鄉,農糧作物,9137
屏東縣鹽埔鄉,潛在可供農業使用,2199
屏東縣鹽埔鄉,養殖魚塭,1005
屏東縣鹽埔鄉,工廠,189
屏東縣鹽埔鄉,其他建築使用,1542
屏東縣鹽埔鄉,畜牧使用,650
屏東縣鹽埔鄉,農水路使用,654
屏東縣鹽埔鄉,河川及水利設施,441
屏東縣鹽埔鄉,道路或道路設施,735
屏東縣鹽埔鄉,公共及公用設施,40
屏東縣鹽埔鄉,農舍,77
屏東縣鹽埔鄉,林業使用,550
屏東縣鹽埔鄉,休閒農場,3
屏東縣潮州鎮,潛在可供農業使用,1755
屏東縣潮州鎮,農糧作物,5212
屏東縣潮州鎮,道路或道路設施,656
屏東縣潮州鎮,林業使用,74
屏東縣潮州鎮,河川及水利設施,390
屏東縣潮州鎮,養殖魚塭,1374
屏東縣潮州鎮,其他建築使用,1232
屏東縣潮州鎮,畜牧使用,199
屏東縣潮州鎮,農水路使用,112
屏東縣潮州鎮,工廠,229
屏東縣潮州鎮,公共及公用設施,53
屏東縣潮州鎮,農舍,93
屏東縣潮州鎮,休閒農場,11
屏東縣萬巒鄉,農糧作物,10214
屏東縣萬巒鄉,道路或道路設施,1209
屏東縣萬巒鄉,其他建築使用,1467
屏東縣萬巒鄉,潛在可供農業使用,3163
屏東縣萬巒鄉,河川及水利設施,855
屏東縣萬巒鄉,農舍,89
屏東縣萬巒鄉,農水路使用,175
屏東縣萬巒鄉,工廠,117
屏東縣萬巒鄉,畜牧使用,218
屏東縣萬巒鄉,林業使用,230
屏東縣萬巒鄉,休閒農場,47
屏東縣萬巒鄉,養殖魚塭,184
屏東縣萬巒鄉,公共及公用設施,29
屏東縣內埔鄉,農糧作物,16325
屏東縣內埔鄉,其他建築使用,3424
屏東縣內埔鄉,潛在可供農業使用,3058
屏東縣內埔鄉,河川及水利設施,831
屏東縣內埔鄉,道路或道路設施,1415
屏東縣內埔鄉,農舍,387
屏東縣內埔鄉,畜牧使用,431
屏東縣內埔鄉,農水路使用,362
屏東縣內埔鄉,養殖魚塭,107
屏東縣內埔鄉,工廠,270
屏東縣內埔鄉,公共及公用設施,176
屏東縣內埔鄉,林業使用,258
屏東縣內埔鄉,休閒農場,7
屏東縣竹田鄉,農水路使用,1033
屏東縣竹田鄉,潛在可供農業使用,1842
屏東縣竹田鄉,農糧作物,7329
屏東縣竹田鄉,畜牧使用,590
屏東縣竹田鄉,養殖魚塭,518
屏東縣竹田鄉,河川及水利設施,852
屏東縣竹田鄉,公共及公用設施,58
屏東縣竹田鄉,其他建築使用,1229
屏東縣竹田鄉,農舍,147
屏東縣竹田鄉,道路或道路設施,679
屏東縣竹田鄉,工廠,219
屏東縣竹田鄉,林業使用,32
屏東縣竹田鄉,休閒農場,2
屏東縣新埤鄉,農糧作物,5450
屏東縣新埤鄉,農舍,40
屏東縣新埤鄉,其他建築使用,620
屏東縣新埤鄉,道路或道路設施,458
屏東縣新埤鄉,潛在可供農業使用,841
屏東縣新埤鄉,河川及水利設施,463
屏東縣新埤鄉,工廠,60
屏東縣新埤鄉,林業使用,379
屏東縣新埤鄉,養殖魚塭,139
屏東縣新埤鄉,農水路使用,27
屏東縣新埤鄉,畜牧使用,206
屏東縣新埤鄉,公共及公用設施,39
屏東縣新埤鄉,休閒農場,3
屏東縣瑪家鄉,林業使用,5649
屏東縣瑪家鄉,農糧作物,835
屏東縣瑪家鄉,潛在可供農業使用,117
屏東縣瑪家鄉,道路或道路設施,170
屏東縣瑪家鄉,其他建築使用,61
屏東縣瑪家鄉,河川及水利設施,24
屏東縣瑪家鄉,公共及公用設施,25
屏東縣瑪家鄉,農舍,1
屏東縣泰武鄉,林業使用,5718
屏東縣泰武鄉,潛在可供農業使用,97
屏東縣泰武鄉,農糧作物,1037
屏東縣泰武鄉,其他建築使用,118
屏東縣泰武鄉,農舍,6
屏東縣泰武鄉,道路或道路設施,60
屏東縣泰武鄉,河川及水利設施,42
屏東縣泰武鄉,工廠,2
屏東縣泰武鄉,公共及公用設施,9
屏東縣泰武鄉,休閒農場,3
屏東縣來義鄉,林業使用,8918
屏東縣來義鄉,農糧作物,2347
屏東縣來義鄉,潛在可供農業使用,175
屏東縣來義鄉,道路或道路設施,79
屏東縣來義鄉,其他建築使用,336
屏東縣來義鄉,河川及水利設施,138
屏東縣來義鄉,農舍,1
屏東縣來義鄉,公共及公用設施,20
屏東縣來義鄉,工廠,31
屏東縣來義鄉,農水路使用,1
屏東縣來義鄉,畜牧使用,5
屏東縣來義鄉,養殖魚塭,1
屏東縣東港鎮,養殖魚塭,1606
屏東縣東港鎮,道路或道路設施,287
屏東縣東港鎮,其他建築使用,496
屏東縣東港鎮,河川及水利設施,275
屏東縣東港鎮,潛在可供農業使用,553
屏東縣東港鎮,農糧作物,3160
屏東縣東港鎮,畜牧使用,38
屏東縣東港鎮,工廠,78
屏東縣東港鎮,農舍,15
屏東縣東港鎮,林業使用,63
屏東縣東港鎮,農水路使用,308
屏東縣東港鎮,公共及公用設施,18
屏東縣東港鎮,休閒農場,14
屏東縣新園鄉,農水路使用,865
屏東縣新園鄉,農糧作物,7977
屏東縣新園鄉,潛在可供農業使用,1497
屏東縣新園鄉,養殖魚塭,1800
屏東縣新園鄉,畜牧使用,286
屏東縣新園鄉,河川及水利設施,542
屏東縣新園鄉,其他建築使用,1438
屏東縣新園鄉,林業使用,148
屏東縣新園鄉,農舍,64
屏東縣新園鄉,道路或道路設施,839
屏東縣新園鄉,工廠,678
屏東縣新園鄉,公共及公用設施,99
屏東縣林邊鄉,農糧作物,2155
屏東縣林邊鄉,潛在可供農業使用,1191
屏東縣林邊鄉,其他建築使用,752
屏東縣林邊鄉,農舍,37
屏東縣林邊鄉,道路或道路設施,610
屏東縣林邊鄉,河川及水利設施,272
屏東縣林邊鄉,工廠,93
屏東縣林邊鄉,農水路使用,116
屏東縣林邊鄉,畜牧使用,63
屏東縣林邊鄉,養殖魚塭,878
屏東縣林邊鄉,公共及公用設施,92
屏東縣林邊鄉,林業使用,36
屏東縣琉球鄉,農糧作物,132
屏東縣琉球鄉,林業使用,1178
屏東縣琉球鄉,其他建築使用,717
屏東縣琉球鄉,潛在可供農業使用,122
屏東縣琉球鄉,公共及公用設施,20
屏東縣琉球鄉,工廠,19
屏東縣琉球鄉,道路或道路設施,81
屏東縣琉球鄉,農舍,2
屏東縣琉球鄉,河川及水利設施,2
屏東縣崁頂鄉,潛在可供農業使用,516
屏東縣崁頂鄉,養殖魚塭,416
屏東縣崁頂鄉,道路或道路設施,565
屏東縣崁頂鄉,河川及水利設施,388
屏東縣崁頂鄉,農糧作物,4275
屏東縣崁頂鄉,公共及公用設施,25
屏東縣崁頂鄉,農舍,46
屏東縣崁頂鄉,工廠,89
屏東縣崁頂鄉,農水路使用,163
屏東縣崁頂鄉,其他建築使用,460
屏東縣崁頂鄉,畜牧使用,87
屏東縣崁頂鄉,林業使用,50
屏東縣南州鄉,農糧作物,4668
屏東縣南州鄉,潛在可供農業使用,628
屏東縣南州鄉,河川及水利設施,138
屏東縣南州鄉,其他建築使用,460
屏東縣南州鄉,道路或道路設施,284
屏東縣南州鄉,工廠,88
屏東縣南州鄉,農水路使用,469
屏東縣南州鄉,農舍,40
屏東縣南州鄉,畜牧使用,52
屏東縣南州鄉,公共及公用設施,13
屏東縣南州鄉,林業使用,53
屏東縣南州鄉,養殖魚塭,78
屏東縣南州鄉,休閒農場,13
屏東縣恆春鎮,林業使用,1802
屏東縣恆春鎮,其他建築使用,1650
屏東縣恆春鎮,潛在可供農業使用,3173
屏東縣恆春鎮,道路或道路設施,739
屏東縣恆春鎮,公共及公用設施,70
屏東縣恆春鎮,農糧作物,4939
屏東縣恆春鎮,畜牧使用,76
屏東縣恆春鎮,河川及水利設施,554
屏東縣恆春鎮,養殖魚塭,62
屏東縣恆春鎮,農舍,47
屏東縣恆春鎮,農水路使用,98
屏東縣恆春鎮,工廠,69
屏東縣恆春鎮,休閒農場,7
屏東縣車城鄉,農糧作物,2984
屏東縣車城鄉,農舍,18
屏東縣車城鄉,林業使用,1067
屏東縣車城鄉,潛在可供農業使用,1002
屏東縣車城鄉,其他建築使用,476
屏東縣車城鄉,農水路使用,43
屏東縣車城鄉,道路或道路設施,248
屏東縣車城鄉,畜牧使用,13
屏東縣車城鄉,河川及水利設施,268
屏東縣車城鄉,公共及公用設施,12
屏東縣車城鄉,工廠,24
屏東縣車城鄉,休閒農場,7
屏東縣車城鄉,養殖魚塭,90
屏東縣滿州鄉,潛在可供農業使用,272
屏東縣滿州鄉,養殖魚塭,70
屏東縣滿州鄉,林業使用,1873
屏東縣滿州鄉,道路或道路設施,220
屏東縣滿州鄉,農糧作物,1488
屏東縣滿州鄉,河川及水利設施,136
屏東縣滿州鄉,其他建築使用,309
屏東縣滿州鄉,公共及公用設施,28
屏東縣滿州鄉,農水路使用,9
屏東縣滿州鄉,畜牧使用,7
屏東縣滿州鄉,農舍,3
屏東縣滿州鄉,工廠,2
屏東縣牡丹鄉,林業使用,6127
屏東縣牡丹鄉,河川及水利設施,184
屏東縣牡丹鄉,潛在可供農業使用,301
屏東縣牡丹鄉,其他建築使用,413
屏東縣牡丹鄉,農糧作物,1373
屏東縣牡丹鄉,道路或道路設施,265
屏東縣牡丹鄉,農水路使用,251
屏東縣牡丹鄉,公共及公用設施,23
屏東縣牡丹鄉,農舍,3
屏東縣牡丹鄉,工廠,2
屏東縣枋寮鄉,畜牧使用,103
屏東縣枋寮鄉,農糧作物,6528
屏東縣枋寮鄉,潛在可供農業使用,1447
屏東縣枋寮鄉,工廠,77
屏東縣枋寮鄉,道路或道路設施,1090
屏東縣枋寮鄉,河川及水利設施,560
屏東縣枋寮鄉,其他建築使用,961
屏東縣枋寮鄉,林業使用,124
屏東縣枋寮鄉,公共及公用設施,51
屏東縣枋寮鄉,養殖魚塭,1921
屏東縣枋寮鄉,農舍,23
屏東縣枋寮鄉,農水路使用,116
屏東縣春日鄉,林業使用,7030
屏東縣春日鄉,河川及水利設施,122
屏東縣春日鄉,潛在可供農業使用,143
屏東縣春日鄉,休閒農場,28
屏東縣春日鄉,農糧作物,1729
屏東縣春日鄉,道路或道路設施,67
屏東縣春日鄉,其他建築使用,248
屏東縣春日鄉,公共及公用設施,5
屏東縣春日鄉,農舍,2
屏東縣春日鄉,農水路使用,3
屏東縣佳冬鄉,道路或道路設施,597
屏東縣佳冬鄉,河川及水利設施,684
屏東縣佳冬鄉,其他建築使用,869
屏東縣佳冬鄉,農糧作物,5975
屏東縣佳冬鄉,養殖魚塭,2817
屏東縣佳冬鄉,畜牧使用,280
屏東縣佳冬鄉,潛在可供農業使用,1189
屏東縣佳冬鄉,工廠,96
屏東縣佳冬鄉,農舍,63
屏東縣佳冬鄉,農水路使用,336
屏東縣佳冬鄉,公共及公用設施,30
屏東縣佳冬鄉,林業使用,19
屏東縣枋山鄉,農糧作物,2733
屏東縣枋山鄉,河川及水利設施,194
屏東縣枋山鄉,潛在可供農業使用,526
屏東縣枋山鄉,道路或道路設施,231
屏東縣枋山鄉,林業使用,115
屏東縣枋山鄉,農水路使用,14
屏東縣枋山鄉,其他建築使用,429
屏東縣枋山鄉,工廠,38
屏東縣枋山鄉,農舍,7
屏東縣枋山鄉,公共及公用設施,25
屏東縣枋山鄉,休閒農場,14
屏東縣枋山鄉,養殖魚塭,304
屏東縣枋山鄉,畜牧使用,3
屏東縣獅子鄉,林業使用,8879
屏東縣獅子鄉,農糧作物,2599
屏東縣獅子鄉,其他建築使用,223
屏東縣獅子鄉,潛在可供農業使用,172
屏東縣獅子鄉,河川及水利設施,272
屏東縣獅子鄉,道路或道路設施,281
屏東縣獅子鄉,公共及公用設施,11
屏東縣獅子鄉,農水路使用,4
屏東縣獅子鄉,休閒農場,2
屏東縣獅子鄉,工廠,6
屏東縣獅子鄉,養殖魚塭,1
花蓮縣花蓮市,道路或道路設施,438
花蓮縣花蓮市,其他建築使用,2201
花蓮縣花蓮市,農糧作物,1205
花蓮縣花蓮市,林業使用,875
花蓮縣花蓮市,公共及公用設施,166
花蓮縣花蓮市,工廠,217
花蓮縣花蓮市,潛在可供農業使用,1272
花蓮縣花蓮市,養殖魚塭,68
花蓮縣花蓮市,農舍,198
花蓮縣花蓮市,河川及水利設施,310
花蓮縣花蓮市,畜牧使用,6
花蓮縣花蓮市,農水路使用,30
花蓮縣新城鄉,其他建築使用,1397
花蓮縣新城鄉,潛在可供農業使用,1273
花蓮縣新城鄉,公共及公用設施,138
花蓮縣新城鄉,農舍,138
花蓮縣新城鄉,道路或道路設施,587
花蓮縣新城鄉,林業使用,582
花蓮縣新城鄉,工廠,181
花蓮縣新城鄉,農糧作物,2639
花蓮縣新城鄉,河川及水利設施,275
花蓮縣新城鄉,畜牧使用,15
花蓮縣新城鄉,農水路使用,204
花蓮縣新城鄉,養殖魚塭,78
花蓮縣吉安鄉,林業使用,1967
花蓮縣吉安鄉,道路或道路設施,1452
花蓮縣吉安鄉,其他建築使用,4631
花蓮縣吉安鄉,潛在可供農業使用,3113
花蓮縣吉安鄉,農糧作物,9301
花蓮縣吉安鄉,公共及公用設施,229
花蓮縣吉安鄉,河川及水利設施,807
花蓮縣吉安鄉,農舍,1282
花蓮縣吉安鄉,工廠,732
花蓮縣吉安鄉,養殖魚塭,29
花蓮縣吉安鄉,畜牧使用,44
花蓮縣吉安鄉,農水路使用,403
花蓮縣吉安鄉,休閒農場,38
花蓮縣壽豐鄉,農糧作物,15941
花蓮縣壽豐鄉,潛在可供農業使用,5211
花蓮縣壽豐鄉,河川及水利設施,1348
花蓮縣壽豐鄉,農水路使用,216
花蓮縣壽豐鄉,道路或道路設施,1711
花蓮縣壽豐鄉,養殖魚塭,2077
花蓮縣壽豐鄉,其他建築使用,4508
花蓮縣壽豐鄉,工廠,118
花蓮縣壽豐鄉,公共及公用設施,158
花蓮縣壽豐鄉,林業使用,9015
花蓮縣壽豐鄉,農舍,459
花蓮縣壽豐鄉,畜牧使用,153
花蓮縣壽豐鄉,休閒農場,1
花蓮縣秀林鄉,林業使用,10313
花蓮縣秀林鄉,其他建築使用,1399
花蓮縣秀林鄉,潛在可供農業使用,1311
花蓮縣秀林鄉,農糧作物,3329
花蓮縣秀林鄉,道路或道路設施,526
花蓮縣秀林鄉,公共及公用設施,91
花蓮縣秀林鄉,河川及水利設施,257
花蓮縣秀林鄉,農水路使用,68
花蓮縣秀林鄉,養殖魚塭,1
花蓮縣秀林鄉,農舍,55
花蓮縣秀林鄉,畜牧使用,4
花蓮縣秀林鄉,工廠,42
花蓮縣光復鄉,農糧作物,11660
花蓮縣光復鄉,潛在可供農業使用,2838
花蓮縣光復鄉,林業使用,3052
花蓮縣光復鄉,河川及水利設施,2006
花蓮縣光復鄉,其他建築使用,1281
花蓮縣光復鄉,公共及公用設施,42
花蓮縣光復鄉,道路或道路設施,660
花蓮縣光復鄉,農水路使用,214
花蓮縣光復鄉,工廠,46
花蓮縣光復鄉,農舍,86
花蓮縣光復鄉,養殖魚塭,96
花蓮縣光復鄉,畜牧使用,34
花蓮縣豐濱鄉,農糧作物,4312
花蓮縣豐濱鄉,林業使用,5308
花蓮縣豐濱鄉,潛在可供農業使用,752
花蓮縣豐濱鄉,其他建築使用,637
花蓮縣豐濱鄉,河川及水利設施,213
花蓮縣豐濱鄉,畜牧使用,5
花蓮縣豐濱鄉,道路或道路設施,310
花蓮縣豐濱鄉,農水路使用,2
花蓮縣豐濱鄉,養殖魚塭,25
花蓮縣豐濱鄉,農舍,31
花蓮縣豐濱鄉,公共及公用設施,21
花蓮縣萬榮鄉,潛在可供農業使用,1030
花蓮縣萬榮鄉,林業使用,7010
花蓮縣萬榮鄉,農糧作物,4392
花蓮縣萬榮鄉,河川及水利設施,275
花蓮縣萬榮鄉,道路或道路設施,268
花蓮縣萬榮鄉,公共及公用設施,19
花蓮縣萬榮鄉,其他建築使用,509
花蓮縣萬榮鄉,農舍,43
花蓮縣萬榮鄉,畜牧使用,4
花蓮縣萬榮鄉,工廠,4
花蓮縣萬榮鄉,農水路使用,12
花蓮縣萬榮鄉,養殖魚塭,2
花蓮縣鳳林鎮,林業使用,3699
花蓮縣鳳林鎮,農糧作物,8791
花蓮縣鳳林鎮,河川及水利設施,912
花蓮縣鳳林鎮,潛在可供農業使用,3462
花蓮縣鳳林鎮,道路或道路設施,1055
花蓮縣鳳林鎮,其他建築使用,1541
花蓮縣鳳林鎮,農舍,105
花蓮縣鳳林鎮,畜牧使用,44
花蓮縣鳳林鎮,工廠,32
花蓮縣鳳林鎮,公共及公用設施,51
花蓮縣鳳林鎮,養殖魚塭,70
花蓮縣鳳林鎮,農水路使用,104
花蓮縣鳳林鎮,休閒農場,122
花蓮縣玉里鎮,養殖魚塭,413
花蓮縣玉里鎮,潛在可供農業使用,1956
花蓮縣玉里鎮,河川及水利設施,1520
花蓮縣玉里鎮,農糧作物,19735
花蓮縣玉里鎮,其他建築使用,1991
花蓮縣玉里鎮,農水路使用,1121
花蓮縣玉里鎮,道路或道路設施,1130
花蓮縣玉里鎮,林業使用,7312
花蓮縣玉里鎮,農舍,51
花蓮縣玉里鎮,畜牧使用,134
花蓮縣玉里鎮,工廠,85
花蓮縣玉里鎮,公共及公用設施,43
花蓮縣瑞穗鄉,潛在可供農業使用,2333
花蓮縣瑞穗鄉,農糧作物,12448
花蓮縣瑞穗鄉,林業使用,4255
花蓮縣瑞穗鄉,道路或道路設施,803
花蓮縣瑞穗鄉,其他建築使用,1597
花蓮縣瑞穗鄉,河川及水利設施,582
花蓮縣瑞穗鄉,農水路使用,252
花蓮縣瑞穗鄉,畜牧使用,71
花蓮縣瑞穗鄉,農舍,76
花蓮縣瑞穗鄉,工廠,46
花蓮縣瑞穗鄉,公共及公用設施,44
花蓮縣瑞穗鄉,養殖魚塭,91
花蓮縣富里鄉,農糧作物,13267
花蓮縣富里鄉,潛在可供農業使用,2296
花蓮縣富里鄉,林業使用,9448
花蓮縣富里鄉,其他建築使用,1344
花蓮縣富里鄉,河川及水利設施,1156
花蓮縣富里鄉,道路或道路設施,782
花蓮縣富里鄉,農水路使用,460
花蓮縣富里鄉,公共及公用設施,49
花蓮縣富里鄉,養殖魚塭,36
花蓮縣富里鄉,農舍,20
花蓮縣富里鄉,工廠,54
花蓮縣富里鄉,畜牧使用,14
花蓮縣卓溪鄉,農糧作物,2923
花蓮縣卓溪鄉,林業使用,7831
花蓮縣卓溪鄉,其他建築使用,464
花蓮縣卓溪鄉,潛在可供農業使用,630
花蓮縣卓溪鄉,道路或道路設施,56
花蓮縣卓溪鄉,河川及水利設施,171
花蓮縣卓溪鄉,農水路使用,9
花蓮縣卓溪鄉,農舍,11
花蓮縣卓溪鄉,養殖魚塭,8
花蓮縣卓溪鄉,公共及公用設施,8
花蓮縣卓溪鄉,畜牧使用,13
花蓮縣卓溪鄉,工廠,5
臺東縣台東市,其他建築使用,3919
臺東縣台東市,農糧作物,16427
臺東縣台東市,林業使用,1078
臺東縣台東市,道路或道路設施,2708
臺東縣台東市,潛在可供農業使用,4776
臺東縣台東市,河川及水利設施,1185
臺東縣台東市,養殖魚塭,213
臺東縣台東市,公共及公用設施,221
臺東縣台東市,工廠,312
臺東縣台東市,農舍,261
臺東縣台東市,畜牧使用,89
臺東縣台東市,休閒農場,9
臺東縣卑南鄉,林業使用,7590
臺東縣卑南鄉,農糧作物,9494
臺東縣卑南鄉,其他建築使用,2309
臺東縣卑南鄉,道路或道路設施,658
臺東縣卑南鄉,潛在可供農業使用,2281
臺東縣卑南鄉,公共及公用設施,82
臺東縣卑南鄉,河川及水利設施,960
臺東縣卑南鄉,農舍,127
臺東縣卑南鄉,畜牧使用,152
臺東縣卑南鄉,工廠,97
臺東縣卑南鄉,休閒農場,4
臺東縣卑南鄉,農水路使用,8
臺東縣卑南鄉,養殖魚塭,7
臺東縣蘭嶼鄉,農糧作物,1638
臺東縣蘭嶼鄉,林業使用,2672
臺東縣蘭嶼鄉,潛在可供農業使用,421
臺東縣蘭嶼鄉,其他建築使用,744
臺東縣蘭嶼鄉,道路或道路設施,129
臺東縣蘭嶼鄉,工廠,9
臺東縣蘭嶼鄉,河川及水利設施,74
臺東縣蘭嶼鄉,公共及公用設施,31
臺東縣綠島鄉,潛在可供農業使用,54
臺東縣綠島鄉,林業使用,1507
臺東縣綠島鄉,農糧作物,466
臺東縣綠島鄉,公共及公用設施,59
臺東縣綠島鄉,道路或道路設施,182
臺東縣綠島鄉,其他建築使用,734
臺東縣綠島鄉,工廠,21
臺東縣綠島鄉,河川及水利設施,7
臺東縣綠島鄉,農舍,7
臺東縣成功鎮,林業使用,5650
臺東縣成功鎮,農糧作物,7557
臺東縣成功鎮,潛在可供農業使用,1180
臺東縣成功鎮,河川及水利設施,275
臺東縣成功鎮,其他建築使用,1059
臺東縣成功鎮,道路或道路設施,308
臺東縣成功鎮,畜牧使用,8
臺東縣成功鎮,養殖魚塭,121
臺東縣成功鎮,農舍,50
臺東縣成功鎮,工廠,70
臺東縣成功鎮,農水路使用,8
臺東縣成功鎮,公共及公用設施,15
臺東縣東河鄉,農糧作物,7572
臺東縣東河鄉,林業使用,5546
臺東縣東河鄉,河川及水利設施,188
臺東縣東河鄉,潛在可供農業使用,586
臺東縣東河鄉,其他建築使用,985
臺東縣東河鄉,道路或道路設施,258
臺東縣東河鄉,工廠,7
臺東縣東河鄉,養殖魚塭,40
臺東縣東河鄉,公共及公用設施,47
臺東縣東河鄉,畜牧使用,23
臺東縣東河鄉,農水路使用,10
臺東縣東河鄉,農舍,79
臺東縣長濱鄉,潛在可供農業使用,1155
臺東縣長濱鄉,林業使用,5484
臺東縣長濱鄉,農糧作物,7302
臺東縣長濱鄉,其他建築使用,677
臺東縣長濱鄉,道路或道路設施,451
臺東縣長濱鄉,河川及水利設施,51
臺東縣長濱鄉,養殖魚塭,34
臺東縣長濱鄉,農水路使用,28
臺東縣長濱鄉,畜牧使用,8
臺東縣長濱鄉,農舍,30
臺東縣長濱鄉,休閒農場,5
臺東縣長濱鄉,公共及公用設施,49
臺東縣長濱鄉,工廠,2
臺東縣關山鎮,農糧作物,10190
臺東縣關山鎮,潛在可供農業使用,1729
臺東縣關山鎮,林業使用,1417
臺東縣關山鎮,農舍,66
臺東縣關山鎮,其他建築使用,1122
臺東縣關山鎮,道路或道路設施,997
臺東縣關山鎮,畜牧使用,111
臺東縣關山鎮,河川及水利設施,762
臺東縣關山鎮,公共及公用設施,49
臺東縣關山鎮,工廠,65
臺東縣關山鎮,農水路使用,3
臺東縣關山鎮,養殖魚塭,78
臺東縣鹿野鄉,林業使用,2236
臺東縣鹿野鄉,農糧作物,9829
臺東縣鹿野鄉,其他建築使用,1085
臺東縣鹿野鄉,公共及公用設施,82
臺東縣鹿野鄉,工廠,42
臺東縣鹿野鄉,畜牧使用,65
臺東縣鹿野鄉,道路或道路設施,753
臺東縣鹿野鄉,潛在可供農業使用,2256
臺東縣鹿野鄉,河川及水利設施,449
臺東縣鹿野鄉,農舍,80
臺東縣鹿野鄉,養殖魚塭,35
臺東縣鹿野鄉,農水路使用,2
臺東縣池上鄉,農糧作物,6693
臺東縣池上鄉,林業使用,3119
臺東縣池上鄉,其他建築使用,910
臺東縣池上鄉,河川及水利設施,636
臺東縣池上鄉,潛在可供農業使用,1226
臺東縣池上鄉,道路或道路設施,597
臺東縣池上鄉,畜牧使用,92
臺東縣池上鄉,公共及公用設施,28
臺東縣池上鄉,農舍,37
臺東縣池上鄉,工廠,42
臺東縣池上鄉,農水路使用,4
臺東縣池上鄉,養殖魚塭,18
臺東縣池上鄉,休閒農場,23
臺東縣延平鄉,河川及水利設施,56
臺東縣延平鄉,林業使用,3896
臺東縣延平鄉,農糧作物,1501
臺東縣延平鄉,道路或道路設施,102
臺東縣延平鄉,潛在可供農業使用,230
臺東縣延平鄉,其他建築使用,178
臺東縣延平鄉,公共及公用設施,13
臺東縣延平鄉,畜牧使用,7
臺東縣延平鄉,農舍,3
臺東縣延平鄉,農水路使用,1
臺東縣海端鄉,林業使用,4612
臺東縣海端鄉,農糧作物,2075
臺東縣海端鄉,其他建築使用,329
臺東縣海端鄉,潛在可供農業使用,415
臺東縣海端鄉,農舍,14
臺東縣海端鄉,畜牧使用,10
臺東縣海端鄉,工廠,3
臺東縣海端鄉,公共及公用設施,22
臺東縣海端鄉,農水路使用,6
臺東縣海端鄉,河川及水利設施,141
臺東縣海端鄉,道路或道路設施,74
臺東縣大武鄉,農糧作物,1454
臺東縣大武鄉,潛在可供農業使用,200
臺東縣大武鄉,道路或道路設施,190
臺東縣大武鄉,林業使用,3978
臺東縣大武鄉,其他建築使用,382
臺東縣大武鄉,農水路使用,9
臺東縣大武鄉,工廠,7
臺東縣大武鄉,公共及公用設施,17
臺東縣大武鄉,河川及水利設施,82
臺東縣大武鄉,農舍,4
臺東縣大武鄉,畜牧使用,12
臺東縣太麻里鄉,農糧作物,5565
臺東縣太麻里鄉,林業使用,7576
臺東縣太麻里鄉,潛在可供農業使用,1160
臺東縣太麻里鄉,其他建築使用,1184
臺東縣太麻里鄉,河川及水利設施,483
臺東縣太麻里鄉,道路或道路設施,404
臺東縣太麻里鄉,農舍,16
臺東縣太麻里鄉,公共及公用設施,16
臺東縣太麻里鄉,工廠,50
臺東縣太麻里鄉,養殖魚塭,49
臺東縣太麻里鄉,畜牧使用,6
臺東縣達仁鄉,林業使用,5005
臺東縣達仁鄉,其他建築使用,244
臺東縣達仁鄉,農糧作物,846
臺東縣達仁鄉,公共及公用設施,10
臺東縣達仁鄉,潛在可供農業使用,230
臺東縣達仁鄉,河川及水利設施,150
臺東縣達仁鄉,道路或道路設施,76
臺東縣達仁鄉,畜牧使用,3
臺東縣達仁鄉,農水路使用,9
臺東縣達仁鄉,農舍,2
臺東縣金峰鄉,農糧作物,1114
臺東縣金峰鄉,林業使用,3401
臺東縣金峰鄉,潛在可供農業使用,265
臺東縣金峰鄉,其他建築使用,179
臺東縣金峰鄉,道路或道路設施,134
臺東縣金峰鄉,河川及水利設施,438
臺東縣金峰鄉,公共及公用設施,22
臺東縣金峰鄉,畜牧使用,1
臺東縣金峰鄉,工廠,1
臺東縣金峰鄉,農舍,1
金門縣金湖鎮,養殖魚塭,5826
金門縣金湖鎮,林業使用,6096
金門縣金湖鎮,潛在可供農業使用,2626
金門縣金湖鎮,農舍,103
金門縣金湖鎮,其他建築使用,833
金門縣金湖鎮,道路或道路設施,532
金門縣金湖鎮,河川及水利設施,68
金門縣金湖鎮,工廠,55
金門縣金湖鎮,公共及公用設施,90
金門縣金沙鎮,其他建築使用,1349
金門縣金沙鎮,道路或道路設施,923
金門縣金沙鎮,林業使用,10093
金門縣金沙鎮,潛在可供農業使用,4055
金門縣金沙鎮,養殖魚塭,12837
金門縣金沙鎮,河川及水利設施,960
金門縣金沙鎮,農舍,179
金門縣金沙鎮,工廠,61
金門縣金沙鎮,公共及公用設施,30
金門縣金城鎮,潛在可供農業使用,4261
金門縣金城鎮,林業使用,7614
金門縣金城鎮,農舍,286
金門縣金城鎮,公共及公用設施,88
金門縣金城鎮,養殖魚塭,4677
金門縣金城鎮,其他建築使用,1732
金門縣金城鎮,工廠,175
金門縣金城鎮,道路或道路設施,504
金門縣金城鎮,河川及水利設施,98
金門縣金寧鄉,養殖魚塭,13810
金門縣金寧鄉,潛在可供農業使用,3983
金門縣金寧鄉,其他建築使用,1604
金門縣金寧鄉,農舍,378
金門縣金寧鄉,林業使用,6489
金門縣金寧鄉,工廠,108
金門縣金寧鄉,道路或道路設施,625
金門縣金寧鄉,河川及水利設施,137
金門縣金寧鄉,公共及公用設施,13
金門縣烈嶼鄉,潛在可供農業使用,1849
金門縣烈嶼鄉,道路或道路設施,437
金門縣烈嶼鄉,養殖魚塭,8067
金門縣烈嶼鄉,其他建築使用,729
金門縣烈嶼鄉,林業使用,5160
金門縣烈嶼鄉,農舍,48
金門縣烈嶼鄉,河川及水利設施,90
金門縣烈嶼鄉,公共及公用設施,19
金門縣烈嶼鄉,工廠,22
澎湖縣馬公市,農糧作物,1350
澎湖縣馬公市,林業使用,7288
澎湖縣馬公市,河川及水利設施,207
澎湖縣馬公市,潛在可供農業使用,11409
澎湖縣馬公市,其他建築使用,3476
澎湖縣馬公市,公共及公用設施,156
澎湖縣馬公市,道路或道路設施,672
澎湖縣馬公市,工廠,302
澎湖縣馬公市,農舍,82
澎湖縣馬公市,養殖魚塭,19
澎湖縣白沙鄉,林業使用,10763
澎湖縣白沙鄉,潛在可供農業使用,6386
澎湖縣白沙鄉,河川及水利設施,98
澎湖縣白沙鄉,其他建築使用,1173
澎湖縣白沙鄉,道路或道路設施,481
澎湖縣白沙鄉,農糧作物,1038
澎湖縣白沙鄉,公共及公用設施,51
澎湖縣白沙鄉,農舍,18
澎湖縣白沙鄉,工廠,35
澎湖縣白沙鄉,養殖魚塭,23
澎湖縣西嶼鄉,林業使用,7743
澎湖縣西嶼鄉,其他建築使用,1236
澎湖縣西嶼鄉,潛在可供農業使用,7078
澎湖縣西嶼鄉,道路或道路設施,621
澎湖縣西嶼鄉,農糧作物,1011
澎湖縣西嶼鄉,公共及公用設施,72
澎湖縣西嶼鄉,河川及水利設施,75
澎湖縣西嶼鄉,工廠,36
澎湖縣西嶼鄉,農舍,12
澎湖縣西嶼鄉,養殖魚塭,1
澎湖縣望安鄉,林業使用,3012
澎湖縣望安鄉,潛在可供農業使用,7716
澎湖縣望安鄉,道路或道路設施,145
澎湖縣望安鄉,其他建築使用,413
澎湖縣望安鄉,農糧作物,427
澎湖縣望安鄉,工廠,7
澎湖縣望安鄉,公共及公用設施,33
澎湖縣望安鄉,養殖魚塭,1
澎湖縣望安鄉,河川及水利設施,332
澎湖縣七美鄉,潛在可供農業使用,3975
澎湖縣七美鄉,道路或道路設施,330
澎湖縣七美鄉,其他建築使用,512
澎湖縣七美鄉,農糧作物,380
澎湖縣七美鄉,林業使用,1466
澎湖縣七美鄉,河川及水利設施,77
澎湖縣七美鄉,工廠,12
澎湖縣七美鄉,農舍,3
澎湖縣七美鄉,公共及公用設施,8
澎湖縣七美鄉,養殖魚塭,11
澎湖縣湖西鄉,其他建築使用,2111
澎湖縣湖西鄉,道路或道路設施,761
澎湖縣湖西鄉,林業使用,10007
澎湖縣湖西鄉,潛在可供農業使用,14684
澎湖縣湖西鄉,養殖魚塭,35
澎湖縣湖西鄉,農糧作物,2423
澎湖縣湖西鄉,工廠,119
澎湖縣湖西鄉,公共及公用設施,101
澎湖縣湖西鄉,農舍,20
澎湖縣湖西鄉,河川及水利設施,100
